HoleID,Easting_m,Northing_m,Depth_m,RMR,RockUnit,SyntheticTrueRMR
DH001,655.148,506.901,10.0,48.936,Granodiorite,46.23651035972649
DH001,655.148,506.901,30.75,44.742,Granodiorite,44.17834216674617
DH001,655.148,506.901,68.049,41.397,Granodiorite,39.62859446501943
DH001,655.148,506.901,88.698,35.408,Granodiorite,37.61976410925188
DH001,655.148,506.901,110.128,37.994,Granodiorite,36.521898689440285
DH001,655.148,506.901,129.684,33.988,Granodiorite,36.49869608205385
DH001,655.148,506.901,149.983,40.249,Granodiorite,37.247899008358914
DH001,655.148,506.901,169.147,38.495,Altered Granodiorite,38.27908445587743
DH001,655.148,506.901,190.0,39.047,Altered Granodiorite,39.23588074033831
DH002,207.323,618.03,11.223,74.391,Metasediment,76.74482572973362
DH002,207.323,618.03,29.845,71.856,Metasediment,75.11401729965472
DH002,207.323,618.03,49.572,73.513,Metasediment,72.48231479285427
DH002,207.323,618.03,69.648,71.512,Metasediment,68.94257700146065
DH002,207.323,618.03,90.532,63.684,Metasediment,64.84328208394251
DH002,207.323,618.03,110.365,58.199,Metasediment,61.53693456911404
DH002,207.323,618.03,130.413,56.623,Metasediment,59.913545433487045
DH002,207.323,618.03,150.431,61.696,Metasediment,60.56103715964399
DH002,207.323,618.03,172.142,64.594,Metasediment,63.18135650682764
DH002,207.323,618.03,189.594,66.442,Metasediment,65.62952182076852
DH003,883.142,752.134,10.232,69.732,Granodiorite,71.48917954356584
DH003,883.142,752.134,30.117,67.94,Granodiorite,70.14962271860907
DH003,883.142,752.134,50.219,65.665,Granodiorite,68.38007553823921
DH003,883.142,752.134,70.871,64.858,Granodiorite,66.48233738230007
DH003,883.142,752.134,90.224,68.666,Granodiorite,64.98000396476527
DH003,883.142,752.134,110.679,60.563,Granodiorite,63.95946658782733
DH003,883.142,752.134,130.068,65.727,Granodiorite,63.620837464519624
DH003,883.142,752.134,150.289,57.962,Altered Granodiorite,63.80958281553629
DH003,883.142,752.134,170.631,62.465,Altered Granodiorite,64.26832186883416
DH003,883.142,752.134,188.543,64.284,Altered Granodiorite,64.59389513792821
DH004,507.091,194.077,10.711,72.277,Granodiorite,71.14599334265387
DH004,507.091,194.077,30.793,73.18,Granodiorite,70.40540010425995
DH004,507.091,194.077,49.651,68.612,Granodiorite,69.19077929368399
DH004,507.091,194.077,69.538,68.802,Granodiorite,67.62309521369116
DH004,507.091,194.077,90.858,68.552,Granodiorite,65.9719206146449
DH004,507.091,194.077,109.809,64.564,Granodiorite,64.78887261982072
DH004,507.091,194.077,128.724,66.067,Granodiorite,63.99298123684199
DH004,507.091,194.077,148.867,62.245,Granodiorite,63.52713392118867
DH004,507.091,194.077,169.081,62.87,Altered Granodiorite,63.255642113450264
DH004,507.091,194.077,190.0,62.427,Altered Granodiorite,62.868693704616234
DH005,110.259,459.757,10.487,66.13,Metasediment,71.90628223162182
DH005,110.259,459.757,29.531,65.19,Metasediment,70.59354416961018
DH005,110.259,459.757,50.012,64.244,Metasediment,68.67055399465357
DH005,110.259,459.757,70.481,66.287,Metasediment,66.52226260617286
DH005,110.259,459.757,90.447,60.44,Metasediment,64.59102667061183
DH005,110.259,459.757,110.665,60.624,Metasediment,63.19356657081914
DH005,110.259,459.757,129.902,65.099,Metasediment,62.635857677978294
DH005,110.259,459.757,149.577,60.346,Metasediment,62.84974290577945
DH005,110.259,459.757,169.92,64.37,Metasediment,63.59230377196754
DH005,110.259,459.757,188.313,60.043,Metasediment,64.27893864070316
DH006,281.179,167.341,10.0,73.523,Granodiorite,73.07178906830148
DH006,281.179,167.341,29.661,71.388,Granodiorite,71.56858894888381
DH006,281.179,167.341,50.84,74.051,Granodiorite,69.49248726823276
DH006,281.179,167.341,68.273,66.771,Granodiorite,67.73594512101573
DH006,281.179,167.341,90.434,62.573,Granodiorite,65.88956687290822
DH006,281.179,167.341,110.238,65.203,Granodiorite,64.91218880645135
DH006,281.179,167.341,129.406,65.077,Granodiorite,64.66401166989822
DH006,281.179,167.341,148.554,68.812,Granodiorite,64.98129443987644
DH006,281.179,167.341,189.471,67.001,Altered Granodiorite,66.17727316236476
DH007,748.073,216.654,10.0,72.992,Massive Diorite,68.72157369240846
DH007,748.073,216.654,29.36,76.529,Massive Diorite,68.7825801246307
DH007,748.073,216.654,49.073,78.603,Massive Diorite,68.10577211236338
DH007,748.073,216.654,69.61,69.811,Massive Diorite,66.81180957653281
DH007,748.073,216.654,88.623,64.129,Massive Diorite,65.34169057372405
DH007,748.073,216.654,110.635,58.987,Massive Diorite,63.627517215611775
DH007,748.073,216.654,129.778,64.855,Massive Diorite,62.29592341512973
DH007,748.073,216.654,148.529,60.476,Massive Diorite,61.15922560644462
DH007,748.073,216.654,168.984,60.507,Massive Diorite,59.99676696584846
DH007,748.073,216.654,190.0,58.59,Massive Diorite,58.67035783158967
DH008,160.274,160.299,11.066,60.518,Granodiorite,62.18475026772983
DH008,160.274,160.299,30.157,56.341,Granodiorite,60.06451680806667
DH008,160.274,160.299,49.841,54.427,Granodiorite,57.49103597530235
DH008,160.274,160.299,68.964,52.729,Granodiorite,55.073785296798604
DH008,160.274,160.299,88.325,59.405,Granodiorite,53.1889293084174
DH008,160.274,160.299,109.514,49.538,Granodiorite,52.171080328321956
DH008,160.274,160.299,129.946,54.66,Granodiorite,52.31302252228556
DH008,160.274,160.299,151.768,50.516,Altered Granodiorite,53.39416993149806
DH008,160.274,160.299,170.13,57.244,Altered Granodiorite,54.61851434895246
DH008,160.274,160.299,190.0,56.756,Altered Granodiorite,55.77057902693563
DH009,483.536,351.629,10.0,50.773,Granodiorite,50.10391299832747
DH009,483.536,351.629,29.345,52.056,Granodiorite,48.326272231798086
DH009,483.536,351.629,50.446,46.303,Granodiorite,45.833059917210996
DH009,483.536,351.629,69.545,42.113,Granodiorite,43.533818684968644
DH009,483.536,351.629,88.774,44.78,Granodiorite,41.64883196247414
DH009,483.536,351.629,108.722,41.608,Granodiorite,40.50987599700667
DH009,483.536,351.629,130.173,44.758,Granodiorite,40.33830941833988
DH009,483.536,351.629,151.579,41.381,Altered Granodiorite,41.01886426126415
DH009,483.536,351.629,170.16,38.034,Altered Granodiorite,41.89577837383606
DH009,483.536,351.629,189.881,38.359,Altered Granodiorite,42.651361679732204
DH010,623.867,103.945,11.724,74.01,Massive Diorite,71.01599187978864
DH010,623.867,103.945,29.82,76.639,Massive Diorite,70.43587750736685
DH010,623.867,103.945,49.617,71.5,Massive Diorite,69.24695453210037
DH010,623.867,103.945,71.461,71.477,Massive Diorite,67.56390412790611
DH010,623.867,103.945,88.893,62.041,Massive Diorite,66.21045326816264
DH010,623.867,103.945,109.105,66.721,Massive Diorite,64.8860378789431
DH010,623.867,103.945,130.643,63.366,Massive Diorite,63.9150082077638
DH010,623.867,103.945,149.605,61.728,Massive Diorite,63.40303963280348
DH010,623.867,103.945,169.995,62.363,Massive Diorite,63.016176576347284
DH010,623.867,103.945,189.837,63.51,Massive Diorite,62.53128315665811
DH011,121.244,391.691,10.0,72.879,Granodiorite,71.0526747840344
DH011,121.244,391.691,30.031,71.346,Granodiorite,69.71696202588733
DH011,121.244,391.691,49.516,65.83,Granodiorite,67.98381749462254
DH011,121.244,391.691,69.672,67.421,Granodiorite,66.05011112807023
DH011,121.244,391.691,91.003,66.037,Granodiorite,64.25350644735822
DH011,121.244,391.691,110.538,71.8,Granodiorite,63.14806231771339
DH011,121.244,391.691,131.337,69.435,Granodiorite,62.705738610649036
DH011,121.244,391.691,149.845,61.426,Granodiorite,62.88691301463034
DH011,121.244,391.691,169.304,63.637,Altered Granodiorite,63.40020797548795
DH011,121.244,391.691,189.776,60.596,Altered Granodiorite,63.88742701390691
DH012,916.495,472.817,10.316,58.935,Granodiorite,64.91668427090296
DH012,916.495,472.817,31.206,58.575,Granodiorite,63.68546337971201
DH012,916.495,472.817,49.271,67.897,Granodiorite,62.218391912917454
DH012,916.495,472.817,87.853,54.981,Granodiorite,58.9797227070967
DH012,916.495,472.817,109.837,62.557,Granodiorite,57.755149081383486
DH012,916.495,472.817,128.938,65.27,Granodiorite,57.2636978194315
DH012,916.495,472.817,149.471,53.023,Granodiorite,57.246128279287106
DH012,916.495,472.817,169.123,55.666,Altered Granodiorite,57.479381743529245
DH013,180.017,606.376,10.0,77.108,Metasediment,76.69978067540946
DH013,180.017,606.376,29.755,78.547,Metasediment,75.05754416714247
DH013,180.017,606.376,50.777,77.481,Metasediment,72.36866030917153
DH013,180.017,606.376,70.435,71.651,Metasediment,69.10979031120917
DH013,180.017,606.376,89.624,68.788,Metasediment,65.65842419840727
DH013,180.017,606.376,109.866,64.813,Metasediment,62.57945953882529
DH013,180.017,606.376,128.625,63.195,Metasediment,61.120102742376304
DH013,180.017,606.376,149.762,61.513,Metasediment,61.60290441123112
DH013,180.017,606.376,169.734,66.69,Metasediment,63.66648722756515
DH013,180.017,606.376,190.0,67.937,Metasediment,66.15485901600087
DH014,367.394,703.661,11.573,73.047,Metasediment,73.86628102477127
DH014,367.394,703.661,30.386,73.466,Metasediment,72.36845480220344
DH014,367.394,703.661,49.237,73.521,Metasediment,70.21793463070904
DH014,367.394,703.661,68.888,70.125,Metasediment,67.4561547986019
DH014,367.394,703.661,91.191,65.812,Metasediment,64.17697612935085
DH014,367.394,703.661,110.263,64.127,Metasediment,61.92565170554133
DH014,367.394,703.661,130.48,62.565,Metasediment,60.80892630706759
DH014,367.394,703.661,148.255,64.11,Metasediment,61.14043512998481
DH014,367.394,703.661,170.927,69.797,Metasediment,62.870585752394504
DH014,367.394,703.661,190.0,59.378,Metasediment,64.56604753915332
DH015,50.107,126.179,10.177,54.035,Granodiorite,57.478084125382566
DH015,50.107,126.179,30.296,53.846,Granodiorite,55.13330406245803
DH015,50.107,126.179,49.628,56.105,Granodiorite,52.488677309805574
DH015,50.107,126.179,90.328,52.783,Granodiorite,47.87064783656687
DH015,50.107,126.179,111.727,50.234,Granodiorite,46.9855327104166
DH015,50.107,126.179,128.466,48.216,Granodiorite,47.18247930258274
DH015,50.107,126.179,150.864,53.323,Altered Granodiorite,48.37571812352843
DH015,50.107,126.179,169.671,50.777,Altered Granodiorite,49.74469855550539
DH015,50.107,126.179,189.939,53.242,Altered Granodiorite,51.04215054903851
DH016,774.765,49.199,10.067,63.971,Massive Diorite,69.0425870958612
DH016,774.765,49.199,29.303,67.685,Massive Diorite,68.24162929347881
DH016,774.765,49.199,50.99,62.875,Massive Diorite,66.74673194811056
DH016,774.765,49.199,68.822,63.381,Massive Diorite,65.29125615877106
DH016,774.765,49.199,90.782,67.766,Massive Diorite,63.58797249356607
DH016,774.765,49.199,109.809,64.007,Massive Diorite,62.449949007634714
DH016,774.765,49.199,131.171,59.231,Massive Diorite,61.68348752793604
DH016,774.765,49.199,150.751,57.994,Massive Diorite,61.39146348207495
DH016,774.765,49.199,171.821,61.011,Massive Diorite,61.268735151126755
DH016,774.765,49.199,190.0,57.052,Massive Diorite,61.057374557113796
DH017,312.202,555.38,10.312,74.102,Metasediment,73.1342216811906
DH017,312.202,555.38,31.155,65.763,Metasediment,71.3135302554641
DH017,312.202,555.38,67.709,66.015,Metasediment,65.71524768284146
DH017,312.202,555.38,90.304,63.079,Metasediment,61.345061119281695
DH017,312.202,555.38,110.072,55.563,Metasediment,58.080939244106716
DH017,312.202,555.38,130.414,58.078,Metasediment,56.4416109698809
DH017,312.202,555.38,151.616,59.575,Metasediment,57.174717163691724
DH017,312.202,555.38,167.937,58.954,Metasediment,59.06073322251684
DH017,312.202,555.38,189.409,61.913,Metasediment,62.01470009214778
DH018,545.435,418.997,10.0,46.608,Granodiorite,45.67676960384892
DH018,545.435,418.997,29.852,46.591,Granodiorite,43.73351992039816
DH018,545.435,418.997,49.847,41.622,Granodiorite,41.26289594590483
DH018,545.435,418.997,70.383,43.022,Granodiorite,38.710263457279126
DH018,545.435,418.997,91.0,39.6,Granodiorite,36.70474905594209
DH018,545.435,418.997,108.941,38.59,Granodiorite,35.74031248758435
DH018,545.435,418.997,129.875,37.623,Granodiorite,35.63613763585568
DH018,545.435,418.997,151.481,43.739,Altered Granodiorite,36.43117475232342
DH018,545.435,418.997,169.256,37.091,Altered Granodiorite,37.38182266734563
DH018,545.435,418.997,189.178,32.597,Altered Granodiorite,38.282851696095314
DH019,80.518,716.976,10.0,74.606,Metasediment,76.91899695919108
DH019,80.518,716.976,30.108,70.516,Metasediment,75.52163624686129
DH019,80.518,716.976,51.31,75.577,Metasediment,73.48835057553568
DH019,80.518,716.976,68.398,72.166,Metasediment,71.6563328200244
DH019,80.518,716.976,88.748,72.902,Metasediment,69.59900050244856
DH019,80.518,716.976,108.399,72.148,Metasediment,68.1169987085321
DH019,80.518,716.976,129.206,69.754,Metasediment,67.41403021571624
DH019,80.518,716.976,150.44,71.863,Metasediment,67.65723216628983
DH019,80.518,716.976,170.524,71.061,Metasediment,68.44782554840536
DH019,80.518,716.976,190.0,72.731,Metasediment,69.2160835501283
DH020,701.076,79.614,10.0,64.557,Massive Diorite,69.84917858889794
DH020,701.076,79.614,30.197,61.345,Massive Diorite,69.19110483560533
DH020,701.076,79.614,50.821,65.027,Massive Diorite,67.90775479549276
DH020,701.076,79.614,69.606,67.849,Massive Diorite,66.44614350557408
DH020,701.076,79.614,90.521,63.125,Massive Diorite,64.8254966388475
DH020,701.076,79.614,109.734,63.346,Massive Diorite,63.59828752656702
DH020,701.076,79.614,129.882,65.137,Massive Diorite,62.71458110125196
DH020,701.076,79.614,150.83,65.324,Massive Diorite,62.186914198681755
DH020,701.076,79.614,168.007,60.844,Massive Diorite,61.89727591131577
DH020,701.076,79.614,188.704,64.667,Massive Diorite,61.45172662378145
DH021,902.647,567.984,10.0,58.633,Granodiorite,57.09834329805645
DH021,902.647,567.984,29.406,54.946,Granodiorite,55.2291426001871
DH021,902.647,567.984,48.519,47.602,Granodiorite,52.984026983731525
DH021,902.647,567.984,69.112,53.473,Granodiorite,50.57768202581416
DH021,902.647,567.984,89.642,46.999,Granodiorite,48.70367232659693
DH021,902.647,567.984,110.804,46.221,Granodiorite,47.71203142217634
DH021,902.647,567.984,131.721,44.657,Granodiorite,47.75538241867055
DH021,902.647,567.984,148.618,46.521,Granodiorite,48.3733515071733
DH021,902.647,567.984,170.393,50.903,Altered Granodiorite,49.50904757268809
DH021,902.647,567.984,188.959,49.896,Altered Granodiorite,50.35334185159624
DH022,716.711,298.929,10.362,71.754,Massive Diorite,65.50613640059206
DH022,716.711,298.929,31.321,72.086,Massive Diorite,65.46103119829193
DH022,716.711,298.929,49.657,65.352,Massive Diorite,64.74993161710047
DH022,716.711,298.929,68.523,64.416,Massive Diorite,63.54089066805072
DH022,716.711,298.929,91.067,65.42,Massive Diorite,61.796684366842484
DH022,716.711,298.929,109.669,58.229,Massive Diorite,60.37148721099163
DH022,716.711,298.929,131.115,60.323,Massive Diorite,58.92967317258616
DH022,716.711,298.929,150.383,58.147,Massive Diorite,57.830639529884174
DH022,716.711,298.929,169.869,58.125,Massive Diorite,56.789276736677174
DH022,716.711,298.929,190.0,53.479,Massive Diorite,55.584419130239255
DH023,386.23,428.013,10.0,64.139,Granodiorite,65.49055539153335
DH023,386.23,428.013,28.883,64.091,Granodiorite,64.1411024228205
DH023,386.23,428.013,49.541,59.193,Granodiorite,62.118718863646116
DH023,386.23,428.013,69.707,61.193,Granodiorite,59.909010530107786
DH023,386.23,428.013,91.937,52.362,Granodiorite,57.69518212996356
DH023,386.23,428.013,111.106,54.492,Granodiorite,56.3803178996374
DH023,386.23,428.013,129.038,61.756,Granodiorite,55.87078578017766
DH023,386.23,428.013,150.348,54.92,Altered Granodiorite,56.157834168108096
DH023,386.23,428.013,169.593,59.324,Altered Granodiorite,56.93205468792734
DH023,386.23,428.013,189.716,56.099,Altered Granodiorite,57.731453796933856
DH024,458.809,744.805,10.0,70.186,Granodiorite,70.41500277314077
DH024,458.809,744.805,29.83,72.557,Granodiorite,69.05330356225373
DH024,458.809,744.805,49.221,62.443,Granodiorite,67.24053450882931
DH024,458.809,744.805,70.43,64.716,Granodiorite,65.0256993613175
DH024,458.809,744.805,89.148,57.938,Granodiorite,63.21323599671028
DH024,458.809,744.805,110.666,57.928,Granodiorite,61.71578376280873
DH024,458.809,744.805,131.085,65.945,Granodiorite,61.156430592273026
DH024,458.809,744.805,150.367,64.78,Altered Granodiorite,61.39795095673765
DH024,458.809,744.805,190.0,59.022,Altered Granodiorite,62.83224130813615
DH025,568.801,326.412,32.42,58.789,Granodiorite,60.34179000540281
DH025,568.801,326.412,50.435,53.473,Granodiorite,59.09532024777034
DH025,568.801,326.412,69.44,56.645,Granodiorite,57.50916421233836
DH025,568.801,326.412,90.465,57.122,Granodiorite,55.7921677444565
DH025,568.801,326.412,108.439,48.138,Granodiorite,54.605574027679026
DH025,568.801,326.412,129.703,47.462,Granodiorite,53.682985925535526
DH025,568.801,326.412,150.099,53.677,Altered Granodiorite,53.227323184169514
DH025,568.801,326.412,169.914,48.829,Altered Granodiorite,52.96006616765316
DH025,568.801,326.412,190.0,53.212,Altered Granodiorite,52.558363689103956
DH026,345.628,376.39,11.455,61.403,Granodiorite,63.5501817285465
DH026,345.628,376.39,30.131,64.928,Granodiorite,62.01599590251167
DH026,345.628,376.39,50.258,52.19,Granodiorite,59.90364286216793
DH026,345.628,376.39,71.565,54.675,Granodiorite,57.5655325153313
DH026,345.628,376.39,89.638,50.287,Granodiorite,55.87719389796849
DH026,345.628,376.39,109.059,51.679,Granodiorite,54.68862261629653
DH026,345.628,376.39,129.551,54.526,Granodiorite,54.31424393838524
DH026,345.628,376.39,150.452,53.697,Altered Granodiorite,54.766064150351625
DH026,345.628,376.39,168.434,54.235,Altered Granodiorite,55.52635191485536
DH026,345.628,376.39,190.0,55.357,Altered Granodiorite,56.36555739333863
DH027,595.388,525.043,10.0,53.676,Granodiorite,56.529039521886695
DH027,595.388,525.043,30.707,51.465,Granodiorite,54.9544245464003
DH027,595.388,525.043,50.663,50.556,Granodiorite,52.97873226600174
DH027,595.388,525.043,70.385,50.987,Granodiorite,50.95525077894404
DH027,595.388,525.043,90.557,50.472,Granodiorite,49.225189470474106
DH027,595.388,525.043,110.296,48.571,Granodiorite,48.17312316295466
DH027,595.388,525.043,132.035,45.824,Granodiorite,47.876407809571596
DH027,595.388,525.043,149.913,51.139,Granodiorite,48.19427571561246
DH027,595.388,525.043,169.693,51.292,Altered Granodiorite,48.82936014255262
DH027,595.388,525.043,189.246,49.126,Altered Granodiorite,49.36077647614077
DH028,835.315,639.514,10.548,57.003,Granodiorite,58.543758441556264
DH028,835.315,639.514,30.188,57.014,Granodiorite,56.70670881848683
DH028,835.315,639.514,48.552,46.607,Granodiorite,54.61989551792688
DH028,835.315,639.514,69.932,47.953,Granodiorite,52.205253179682366
DH028,835.315,639.514,90.262,48.751,Granodiorite,50.41544786389556
DH028,835.315,639.514,109.1,45.507,Granodiorite,49.50679908459278
DH028,835.315,639.514,130.19,50.793,Granodiorite,49.43351726105805
DH028,835.315,639.514,148.545,55.23,Granodiorite,50.02144592344291
DH028,835.315,639.514,171.336,46.813,Altered Granodiorite,51.126492788314174
DH028,835.315,639.514,190.0,48.603,Altered Granodiorite,51.89852278506204
DH029,427.001,35.108,11.611,72.521,Granodiorite,77.56359626351454
DH029,427.001,35.108,28.778,78.344,Granodiorite,76.51474291694896
DH029,427.001,35.108,50.249,73.298,Granodiorite,74.74830081905593
DH029,427.001,35.108,71.821,76.943,Granodiorite,72.83692758746984
DH029,427.001,35.108,88.348,69.953,Granodiorite,71.55328472302878
DH029,427.001,35.108,108.719,68.809,Granodiorite,70.43650675643916
DH029,427.001,35.108,129.576,71.845,Granodiorite,69.93872418302414
DH029,427.001,35.108,149.479,72.558,Granodiorite,69.98694683456488
DH029,427.001,35.108,170.813,71.94,Altered Granodiorite,70.31322655541338
DH029,427.001,35.108,190.0,65.739,Altered Granodiorite,70.51332664650543
DH030,970.85,256.691,10.0,67.325,Massive Diorite,68.00165812061088
DH030,970.85,256.691,30.235,67.893,Massive Diorite,67.15109681910091
DH030,970.85,256.691,48.576,67.353,Massive Diorite,65.90081240258971
DH030,970.85,256.691,70.446,62.913,Massive Diorite,64.12630641888133
DH030,970.85,256.691,89.193,64.728,Massive Diorite,62.66889726010018
DH030,970.85,256.691,108.717,60.516,Massive Diorite,61.47074877444987
DH030,970.85,256.691,130.714,60.068,Massive Diorite,60.65687331218881
DH030,970.85,256.691,150.242,65.087,Massive Diorite,60.3529433136946
DH030,970.85,256.691,169.386,57.759,Massive Diorite,60.23504935554296
DH030,970.85,256.691,190.0,53.41,Massive Diorite,60.00249707421094
DH031,806.719,271.771,12.549,70.635,Massive Diorite,66.60386502827753
DH031,806.719,271.771,29.595,74.576,Massive Diorite,66.4850969840634
DH031,806.719,271.771,48.063,68.208,Massive Diorite,65.7592492873847
DH031,806.719,271.771,69.69,65.264,Massive Diorite,64.34279893604679
DH031,806.719,271.771,89.714,64.298,Massive Diorite,62.79070418308045
DH031,806.719,271.771,109.81,65.062,Massive Diorite,61.28279189280135
DH031,806.719,271.771,128.887,56.791,Massive Diorite,60.05030812706345
DH031,806.719,271.771,150.58,61.323,Massive Diorite,58.89690672993701
DH031,806.719,271.771,170.525,58.691,Massive Diorite,57.929480886600395
DH031,806.719,271.771,188.506,64.428,Massive Diorite,56.95111573436208
DH032,245.72,663.32,11.668,74.039,Metasediment,76.95533506110992
DH032,245.72,663.32,28.896,74.22,Metasediment,75.45592058867712
DH032,245.72,663.32,50.587,72.104,Metasediment,72.55760219272148
DH032,245.72,663.32,70.319,63.717,Metasediment,69.04294831931966
DH032,245.72,663.32,89.131,60.279,Metasediment,65.33508230308004
DH032,245.72,663.32,110.177,63.014,Metasediment,61.77639933010441
DH032,245.72,663.32,131.213,58.329,Metasediment,60.10617087114811
DH032,245.72,663.32,149.676,52.807,Metasediment,60.71049867759253
DH032,245.72,663.32,168.308,65.004,Metasediment,62.858011965249155
DH032,245.72,663.32,189.982,66.514,Metasediment,65.90626634507393
