Fold,Model,RMSE,MAE,R2,Bias,Coverage95,Mean95Width,UncertaintyAbsErrorSpearman
1,Ordinary Kriging,9.113966978723335,8.008608287323579,-1.4216443257000053,-7.609744178948822,0.9710144927536232,29.64243678900427,0.5847643405188163
1,Gaussian Process,7.650173598091917,6.748740935275562,-0.7062318179534874,-5.344222363328335,0.9855072463768116,27.855257309541052,0.5050054804530508
1,Random Forest,7.341485215639699,6.135157665845847,-0.5713152047212513,-4.649045608580648,0.5797101449275363,13.014111279651566,0.04687614176105225
2,Ordinary Kriging,5.586970365062901,4.458284259626545,-0.2989770523631148,0.7782840901946744,0.9661016949152542,25.486145046004925,-0.615604909409702
2,Gaussian Process,4.857667023270753,3.8311470077992604,0.018016416214073017,0.5443998729345768,0.9830508474576272,23.800243267508357,-0.5052600818234951
2,Random Forest,8.357449123501953,7.071775368509557,-1.9066733340002666,-1.8816350221280467,0.8135593220338984,19.831623937157197,0.6728813559322036
3,Ordinary Kriging,9.078001801692684,7.963165166332415,0.2203169313264678,5.073527497297025,0.559322033898305,18.083504646437547,-0.23173582700175338
3,Gaussian Process,9.868673260386736,8.779992217140991,0.07858534655286264,6.392612517341233,0.5084745762711864,20.053678377784816,-0.04985388661601403
3,Random Forest,13.188838544035924,11.495425072417587,-0.6457000319315374,9.888089888422677,0.4406779661016949,18.41472442590127,0.2872589129164232
4,Ordinary Kriging,6.700785300435141,5.295238885599084,0.3317883143771053,-4.220453382410378,0.9393939393939394,27.780594418259497,-0.0594301221166893
4,Gaussian Process,6.642831684354686,5.396778368487626,0.34329676257738484,-4.178149481082997,0.9090909090909091,25.889080726854083,-0.11069825696691371
4,Random Forest,7.432899149340227,6.073117652837915,0.1777968412669465,-2.6343409539442084,0.8636363636363636,24.135296259687664,0.2829975994155099
5,Ordinary Kriging,10.126515502588363,8.62069469323788,-1.0299205727863456,3.8877447948577672,0.8983050847457628,31.245915314746604,0.6223261250730567
5,Gaussian Process,8.616905220904425,6.920672411292973,-0.46981140654286113,2.89594284500226,0.9322033898305084,29.900865100990515,0.45353594389246066
5,Random Forest,11.061834849078068,9.031263208484669,-1.4222185278089658,2.7991702611481215,0.4067796610169492,11.656588088050846,0.3972530683810638
