RowIndex,Fold,Model,ObservedRMR,PredictedRMR,PredStd,Easting_m,Northing_m,Depth_m,SpatialBlock
9,1,Ordinary Kriging,74.391,68.20884986547833,7.305191583293052,207.323,618.03,11.223,12
10,1,Ordinary Kriging,71.856,66.2630360938579,7.129640655886673,207.323,618.03,29.845,12
11,1,Ordinary Kriging,73.513,63.84140592487666,7.085988711362841,207.323,618.03,49.572,12
12,1,Ordinary Kriging,71.512,61.45660494665428,7.048931602807941,207.323,618.03,69.648,12
13,1,Ordinary Kriging,63.684,58.6526224073519,7.033961884346954,207.323,618.03,90.532,12
14,1,Ordinary Kriging,58.199,57.04986332541643,7.030130888727536,207.323,618.03,110.365,12
15,1,Ordinary Kriging,56.623,57.434985359218544,7.027171779147007,207.323,618.03,130.413,12
16,1,Ordinary Kriging,61.696,59.03696298905659,7.043355513124057,207.323,618.03,150.431,12
17,1,Ordinary Kriging,64.594,59.26975586856063,7.118155361502053,207.323,618.03,172.142,12
18,1,Ordinary Kriging,66.442,59.655307524231304,7.3141557446580805,207.323,618.03,189.594,12
49,1,Ordinary Kriging,73.523,62.84186161124551,6.92178095838275,281.179,167.341,10.0,1
50,1,Ordinary Kriging,71.388,61.19149486919912,6.622053808698687,281.179,167.341,29.661,1
51,1,Ordinary Kriging,74.051,59.57135330587449,6.539105302649287,281.179,167.341,50.84,1
52,1,Ordinary Kriging,66.771,58.58778278899328,6.524616452573248,281.179,167.341,68.273,1
53,1,Ordinary Kriging,62.573,57.16078443652671,6.512439691816527,281.179,167.341,90.434,1
54,1,Ordinary Kriging,65.203,55.8024368641147,6.511025465354433,281.179,167.341,110.238,1
55,1,Ordinary Kriging,65.077,55.81246146441665,6.522830953282355,281.179,167.341,129.406,1
56,1,Ordinary Kriging,68.812,56.89761442132275,6.536540763905422,281.179,167.341,148.554,1
57,1,Ordinary Kriging,67.001,58.82629505970753,6.884121073245268,281.179,167.341,189.471,1
116,1,Ordinary Kriging,77.108,66.82696198809248,7.576529919273572,180.017,606.376,10.0,12
117,1,Ordinary Kriging,78.547,65.07050923620078,7.3787143418931675,180.017,606.376,29.755,12
118,1,Ordinary Kriging,77.481,62.29219578877145,7.321696718758841,180.017,606.376,50.777,12
119,1,Ordinary Kriging,71.651,59.85137544510104,7.291168548071122,180.017,606.376,70.435,12
120,1,Ordinary Kriging,68.788,57.50676147582279,7.282399891245274,180.017,606.376,89.624,12
121,1,Ordinary Kriging,64.813,55.956923740980045,7.278259492550108,180.017,606.376,109.866,12
122,1,Ordinary Kriging,63.195,56.34599739217874,7.273979110624276,180.017,606.376,128.625,12
123,1,Ordinary Kriging,61.513,58.16102945943966,7.289695126002964,180.017,606.376,149.762,12
124,1,Ordinary Kriging,66.69,58.55143404339793,7.3575611483461225,180.017,606.376,169.734,12
125,1,Ordinary Kriging,67.937,59.00741420517888,7.575041624014993,180.017,606.376,190.0,12
145,1,Ordinary Kriging,63.971,58.894748719155906,6.4994418663607805,774.765,49.199,10.067,3
146,1,Ordinary Kriging,67.685,58.52107529008366,6.254599472343948,774.765,49.199,29.303,3
147,1,Ordinary Kriging,62.875,59.08348930260229,6.20495531925246,774.765,49.199,50.99,3
148,1,Ordinary Kriging,63.381,59.46691548711625,6.1977658181694295,774.765,49.199,68.822,3
149,1,Ordinary Kriging,67.766,58.641213785546874,6.2047727597583275,774.765,49.199,90.782,3
150,1,Ordinary Kriging,64.007,58.623714453698376,6.203617865285767,774.765,49.199,109.809,3
151,1,Ordinary Kriging,59.231,59.44731096428677,6.201503427039534,774.765,49.199,131.171,3
152,1,Ordinary Kriging,57.994,60.18712875633947,6.202966267033271,774.765,49.199,150.751,3
153,1,Ordinary Kriging,61.011,60.30316888611084,6.259352690352243,774.765,49.199,171.821,3
154,1,Ordinary Kriging,57.052,60.76097893911908,6.533197154154441,774.765,49.199,190.0,3
174,1,Ordinary Kriging,74.606,61.19406950631292,9.918713106315735,80.518,716.976,10.0,12
175,1,Ordinary Kriging,70.516,60.71837427344949,9.847392716765336,80.518,716.976,30.108,12
176,1,Ordinary Kriging,75.577,59.08521988144849,9.81869271090658,80.518,716.976,51.31,12
177,1,Ordinary Kriging,72.166,57.7145298091602,9.814574346855144,80.518,716.976,68.398,12
178,1,Ordinary Kriging,72.902,57.03873632051508,9.820804043893977,80.518,716.976,88.748,12
179,1,Ordinary Kriging,72.148,56.82208941574906,9.821729190289732,80.518,716.976,108.399,12
180,1,Ordinary Kriging,69.754,56.9441805463567,9.816543016181848,80.518,716.976,129.206,12
181,1,Ordinary Kriging,71.863,56.76621863114987,9.822193169582496,80.518,716.976,150.44,12
182,1,Ordinary Kriging,71.061,57.1971083712093,9.851228796018175,80.518,716.976,170.524,12
183,1,Ordinary Kriging,72.731,58.0029013355306,9.920688733478022,80.518,716.976,190.0,12
272,1,Ordinary Kriging,72.521,65.95699821240461,8.834134654337396,427.001,35.108,11.611,1
273,1,Ordinary Kriging,78.344,66.38198590972785,8.710746714637404,427.001,35.108,28.778,1
274,1,Ordinary Kriging,73.298,66.12552330817488,8.646988854617634,427.001,35.108,50.249,1
275,1,Ordinary Kriging,76.943,64.48531420288543,8.630129983060993,427.001,35.108,71.821,1
276,1,Ordinary Kriging,69.953,63.31119793266443,8.624957134287898,427.001,35.108,88.348,1
277,1,Ordinary Kriging,68.809,62.2710807518472,8.62434343999442,427.001,35.108,108.719,1
278,1,Ordinary Kriging,71.845,61.72961521513797,8.629145521959854,427.001,35.108,129.576,1
279,1,Ordinary Kriging,72.558,61.4746227891431,8.642772418076085,427.001,35.108,149.479,1
280,1,Ordinary Kriging,71.94,61.632354807049715,8.701230827016396,427.001,35.108,170.813,1
281,1,Ordinary Kriging,65.739,61.55578012615701,8.835864775284183,427.001,35.108,190.0,1
302,1,Ordinary Kriging,74.039,69.37058556435447,7.1272963656154,245.72,663.32,11.668,12
303,1,Ordinary Kriging,74.22,67.69317943007823,6.943300404482893,245.72,663.32,28.896,12
304,1,Ordinary Kriging,72.104,65.58773700204806,6.890072163549394,245.72,663.32,50.587,12
305,1,Ordinary Kriging,63.717,63.14018536605328,6.869324621214633,245.72,663.32,70.319,12
306,1,Ordinary Kriging,60.279,60.37359680220245,6.8578482951368,245.72,663.32,89.131,12
307,1,Ordinary Kriging,63.014,58.32223767624348,6.854287174979629,245.72,663.32,110.177,12
308,1,Ordinary Kriging,58.329,58.481187007299184,6.8575489172932045,245.72,663.32,131.213,12
309,1,Ordinary Kriging,52.807,59.390623910463596,6.872191104926853,245.72,663.32,149.676,12
310,1,Ordinary Kriging,65.004,60.22682223540535,6.91973409561512,245.72,663.32,168.308,12
311,1,Ordinary Kriging,66.514,59.77776882698248,7.144488203764382,245.72,663.32,189.982,12
9,1,Gaussian Process,74.391,67.68775596948203,6.853894384002887,207.323,618.03,11.223,12
10,1,Gaussian Process,71.856,66.7325243223691,6.781879900746566,207.323,618.03,29.845,12
11,1,Gaussian Process,73.513,65.67841479107608,6.729160474309475,207.323,618.03,49.572,12
12,1,Gaussian Process,71.512,64.60950513647299,6.696083232194115,207.323,618.03,69.648,12
13,1,Gaussian Process,63.684,63.55526144917278,6.679612141482288,207.323,618.03,90.532,12
14,1,Gaussian Process,58.199,62.652120816979576,6.678806803122773,207.323,618.03,110.365,12
15,1,Gaussian Process,56.623,61.866430286071235,6.692903976445846,207.323,618.03,130.413,12
16,1,Gaussian Process,61.696,61.22321107432162,6.724367897312887,207.323,618.03,150.431,12
17,1,Gaussian Process,64.594,60.682317491869725,6.782798550715108,207.323,618.03,172.142,12
18,1,Gaussian Process,66.442,60.35326524221397,6.85183840253355,207.323,618.03,189.594,12
49,1,Gaussian Process,73.523,61.77771551349131,6.131751043976791,281.179,167.341,10.0,1
50,1,Gaussian Process,71.388,61.0427430589698,6.024494407060517,281.179,167.341,29.661,1
51,1,Gaussian Process,74.051,60.27269214425961,5.947832393124329,281.179,167.341,50.84,1
52,1,Gaussian Process,66.771,59.68471732860942,5.909684370748422,281.179,167.341,68.273,1
53,1,Gaussian Process,62.573,59.03166881491198,5.886863324138086,281.179,167.341,90.434,1
54,1,Gaussian Process,65.203,58.5604390951825,5.886942764731116,281.179,167.341,110.238,1
55,1,Gaussian Process,65.077,58.21543161509989,5.905214835834556,281.179,167.341,129.406,1
56,1,Gaussian Process,68.812,57.97751352046977,5.944404086730439,281.179,167.341,148.554,1
57,1,Gaussian Process,67.001,57.75972652112286,6.1232918115254025,281.179,167.341,189.471,1
116,1,Gaussian Process,77.108,66.56926544366374,7.158732037270281,180.017,606.376,10.0,12
117,1,Gaussian Process,78.547,65.64272171662209,7.0882366805374835,180.017,606.376,29.755,12
118,1,Gaussian Process,77.481,64.626879828647,7.036724984731988,180.017,606.376,50.777,12
119,1,Gaussian Process,71.651,63.69164233587662,7.007074947654584,180.017,606.376,70.435,12
120,1,Gaussian Process,68.788,62.83063688470562,6.9927188987329245,180.017,606.376,89.624,12
121,1,Gaussian Process,64.813,62.012147748320565,6.991662708927037,180.017,606.376,109.866,12
122,1,Gaussian Process,63.195,61.357567410670065,7.003707549823374,180.017,606.376,128.625,12
123,1,Gaussian Process,61.513,60.75194601363026,7.034194318510387,180.017,606.376,149.762,12
124,1,Gaussian Process,66.69,60.30663179871857,7.082566417322351,180.017,606.376,169.734,12
125,1,Gaussian Process,67.937,59.96832053568801,7.154632212741702,180.017,606.376,190.0,12
145,1,Gaussian Process,63.971,61.46858712375602,5.645933429805202,774.765,49.199,10.067,3
146,1,Gaussian Process,67.685,61.38406748315129,5.498811134745958,774.765,49.199,29.303,3
147,1,Gaussian Process,62.875,61.384676993065995,5.390874274402792,774.765,49.199,50.99,3
148,1,Gaussian Process,63.381,61.44303926442589,5.3393172308919725,774.765,49.199,68.822,3
149,1,Gaussian Process,67.766,61.55260729568054,5.310644006883206,774.765,49.199,90.782,3
150,1,Gaussian Process,64.007,61.65220329131985,5.311257307770077,774.765,49.199,109.809,3
151,1,Gaussian Process,59.231,61.741088732607416,5.3404517045257265,774.765,49.199,131.171,3
152,1,Gaussian Process,57.994,61.78334045524978,5.400258025444353,774.765,49.199,150.751,3
153,1,Gaussian Process,61.011,61.775611048992374,5.511509192052121,774.765,49.199,171.821,3
154,1,Gaussian Process,57.052,61.72177204034408,5.655282537434166,774.765,49.199,190.0,3
174,1,Gaussian Process,74.606,63.88169658270535,9.519915744186397,80.518,716.976,10.0,12
175,1,Gaussian Process,70.516,63.56564821329225,9.497646437921448,80.518,716.976,30.108,12
176,1,Gaussian Process,75.577,63.20801767366293,9.480271891001074,80.518,716.976,51.31,12
177,1,Gaussian Process,72.166,62.90744583343482,9.470809607011647,80.518,716.976,68.398,12
178,1,Gaussian Process,72.902,62.54216728725646,9.464781032462923,80.518,716.976,88.748,12
179,1,Gaussian Process,72.148,62.18872400328858,9.464329495982925,80.518,716.976,108.399,12
180,1,Gaussian Process,69.754,61.820908849872765,9.469596232210106,80.518,716.976,129.206,12
181,1,Gaussian Process,71.863,61.45901126225475,9.48109871776404,80.518,716.976,150.44,12
182,1,Gaussian Process,71.061,61.13423930216896,9.497724961794836,80.518,716.976,170.524,12
183,1,Gaussian Process,72.731,60.83892177371802,9.519208466442434,80.518,716.976,190.0,12
272,1,Gaussian Process,72.521,65.25198799068757,8.593950691672342,427.001,35.108,11.611,1
273,1,Gaussian Process,78.344,64.91661081162508,8.559442855931861,427.001,35.108,28.778,1
274,1,Gaussian Process,73.298,64.44925428237403,8.527559621655325,427.001,35.108,50.249,1
275,1,Gaussian Process,76.943,63.942333926816545,8.507412309678948,427.001,35.108,71.821,1
276,1,Gaussian Process,69.953,63.54055943101089,8.499590191415255,427.001,35.108,88.348,1
277,1,Gaussian Process,68.809,63.043401976118915,8.498723752748004,427.001,35.108,108.719,1
278,1,Gaussian Process,71.845,62.54680085198828,8.507860308923293,427.001,35.108,129.576,1
279,1,Gaussian Process,72.558,62.0969015734291,8.526355808290674,427.001,35.108,149.479,1
280,1,Gaussian Process,71.94,61.65062389265433,8.55742046204512,427.001,35.108,170.813,1
281,1,Gaussian Process,65.739,61.28632255547813,8.595910337859856,427.001,35.108,190.0,1
302,1,Gaussian Process,74.039,69.96707406592324,6.514701529107307,245.72,663.32,11.668,12
303,1,Gaussian Process,74.22,69.1572284654967,6.43358385098138,245.72,663.32,28.896,12
304,1,Gaussian Process,72.104,68.04852520631768,6.3636952832820475,245.72,663.32,50.587,12
305,1,Gaussian Process,63.717,66.9986303408038,6.326069418657263,245.72,663.32,70.319,12
306,1,Gaussian Process,60.279,66.00469081726266,6.308824256716591,245.72,663.32,89.131,12
307,1,Gaussian Process,63.014,64.94684168459139,6.308125826707782,245.72,663.32,110.177,12
308,1,Gaussian Process,58.329,63.984591498715325,6.327038108213827,245.72,663.32,131.213,12
309,1,Gaussian Process,52.807,63.23677301056169,6.36233200311274,245.72,663.32,149.676,12
310,1,Gaussian Process,65.004,62.57900955584178,6.419639430441759,245.72,663.32,168.308,12
311,1,Gaussian Process,66.514,61.93150657371078,6.519343076657513,245.72,663.32,189.982,12
9,1,Random Forest,74.391,69.77472487698417,4.081656978498792,207.323,618.03,11.223,12
10,1,Random Forest,71.856,69.23507768948417,4.229022606625819,207.323,618.03,29.845,12
11,1,Random Forest,73.513,66.16926969642849,4.072756785709916,207.323,618.03,49.572,12
12,1,Random Forest,71.512,66.15785697619036,2.717743326513789,207.323,618.03,69.648,12
13,1,Random Forest,63.684,62.75677340178563,3.326404439875761,207.323,618.03,90.532,12
14,1,Random Forest,58.199,62.24641096726189,3.811538989675714,207.323,618.03,110.365,12
15,1,Random Forest,56.623,62.03958892559525,3.286714944850329,207.323,618.03,130.413,12
16,1,Random Forest,61.696,61.16300663014069,2.284385535184425,207.323,618.03,150.431,12
17,1,Random Forest,64.594,62.28697930573593,2.5336781739051486,207.323,618.03,172.142,12
18,1,Random Forest,66.442,61.20434424323596,1.9846139750426846,207.323,618.03,189.594,12
49,1,Random Forest,73.523,58.504600600198344,4.611855157246595,281.179,167.341,10.0,1
50,1,Random Forest,71.388,59.025473963293564,6.075050142641806,281.179,167.341,29.661,1
51,1,Random Forest,74.051,55.530324364087264,2.4092976660393464,281.179,167.341,50.84,1
52,1,Random Forest,66.771,55.22875459920631,2.484767891933298,281.179,167.341,68.273,1
53,1,Random Forest,62.573,53.68444248728355,2.701303311714791,281.179,167.341,90.434,1
54,1,Random Forest,65.203,51.88017958648989,2.607680497266708,281.179,167.341,110.238,1
55,1,Random Forest,65.077,52.992256848394675,2.4258572295149063,281.179,167.341,129.406,1
56,1,Random Forest,68.812,53.30147734541844,2.023951149032732,281.179,167.341,148.554,1
57,1,Random Forest,67.001,55.21403400811689,1.6755680017868066,281.179,167.341,189.471,1
116,1,Random Forest,77.108,69.90943090674602,4.6305610627525295,180.017,606.376,10.0,12
117,1,Random Forest,78.547,69.28587942559528,4.142766308736557,180.017,606.376,29.755,12
118,1,Random Forest,77.481,66.07545035714276,2.775589510163687,180.017,606.376,50.777,12
119,1,Random Forest,71.651,65.60721847619041,2.5418512016634347,180.017,606.376,70.435,12
120,1,Random Forest,68.788,63.02807721130948,3.209404916367503,180.017,606.376,89.624,12
121,1,Random Forest,64.813,61.89817671726185,3.957617776039431,180.017,606.376,109.866,12
122,1,Random Forest,63.195,62.430240690476154,3.325625308313322,180.017,606.376,128.625,12
123,1,Random Forest,61.513,61.18491600514071,2.2855859430449317,180.017,606.376,149.762,12
124,1,Random Forest,66.69,62.16583207656929,2.4813536369229716,180.017,606.376,169.734,12
125,1,Random Forest,67.937,61.15747161823594,2.0000392358014962,180.017,606.376,190.0,12
145,1,Random Forest,63.971,67.54903738194443,4.839131640561235,774.765,49.199,10.067,3
146,1,Random Forest,67.685,69.91175621527786,5.970716479035002,774.765,49.199,29.303,3
147,1,Random Forest,62.875,66.09694079067457,2.42466713425028,774.765,49.199,50.99,3
148,1,Random Forest,63.381,66.07549383829362,2.1503096056638125,774.765,49.199,68.822,3
149,1,Random Forest,67.766,64.32504002281742,1.6624277386517718,774.765,49.199,90.782,3
150,1,Random Forest,64.007,63.26859940178569,2.1089945280662667,774.765,49.199,109.809,3
151,1,Random Forest,59.231,62.733966124007885,1.9690204623998304,774.765,49.199,131.171,3
152,1,Random Forest,57.994,62.60216942757938,1.8848712439362187,774.765,49.199,150.751,3
153,1,Random Forest,61.011,61.64527680555556,2.1631432045852317,774.765,49.199,171.821,3
154,1,Random Forest,57.052,59.920923544101704,3.63475217533338,774.765,49.199,190.0,3
174,1,Random Forest,74.606,71.57028800297617,3.5593459738249753,80.518,716.976,10.0,12
175,1,Random Forest,70.516,71.40803612003974,2.9694409269057456,80.518,716.976,30.108,12
176,1,Random Forest,75.577,67.20607131547608,3.0878408251951726,80.518,716.976,51.31,12
177,1,Random Forest,72.166,67.24440173809514,2.823042154522425,80.518,716.976,68.398,12
178,1,Random Forest,72.902,63.55106259821425,3.116492499826717,80.518,716.976,88.748,12
179,1,Random Forest,72.148,62.86399324107134,3.246279737837174,80.518,716.976,108.399,12
180,1,Random Forest,69.754,63.403570669642825,2.4699537217164473,80.518,716.976,129.206,12
181,1,Random Forest,71.863,63.20998365395021,2.6223705893035025,80.518,716.976,150.44,12
182,1,Random Forest,71.061,63.819141755140706,2.695311113965431,80.518,716.976,170.524,12
183,1,Random Forest,72.731,61.9981152968074,2.706917988509144,80.518,716.976,190.0,12
272,1,Random Forest,72.521,67.92047001488096,6.352679562714861,427.001,35.108,11.611,1
273,1,Random Forest,78.344,68.38811364880954,6.96643230804896,427.001,35.108,28.778,1
274,1,Random Forest,73.298,66.2358311875,4.537456049341559,427.001,35.108,50.249,1
275,1,Random Forest,76.943,66.30357311210311,4.8095769150868755,427.001,35.108,71.821,1
276,1,Random Forest,69.953,64.57350820138876,4.304107648633332,427.001,35.108,88.348,1
277,1,Random Forest,68.809,64.53810697817462,4.25948759261747,427.001,35.108,108.719,1
278,1,Random Forest,71.845,63.86819612599209,3.8621560428381585,427.001,35.108,129.576,1
279,1,Random Forest,72.558,62.41569434920635,3.5855596667515073,427.001,35.108,149.479,1
280,1,Random Forest,71.94,61.91317830456346,3.7528211464842323,427.001,35.108,170.813,1
281,1,Random Forest,65.739,60.61858003571427,4.54148573156895,427.001,35.108,190.0,1
302,1,Random Forest,74.039,71.05298079067461,3.791770516074992,245.72,663.32,11.668,12
303,1,Random Forest,74.22,70.49185817261908,4.122966663936265,245.72,663.32,28.896,12
304,1,Random Forest,72.104,66.42275657440467,3.390756898217254,245.72,663.32,50.587,12
305,1,Random Forest,63.717,65.59035267559523,3.093946396845279,245.72,663.32,70.319,12
306,1,Random Forest,60.279,62.50910270535715,3.199501535196038,245.72,663.32,89.131,12
307,1,Random Forest,63.014,61.65507020535716,3.590331953638204,245.72,663.32,110.177,12
308,1,Random Forest,58.329,62.494449404761916,3.1818756518366906,245.72,663.32,131.213,12
309,1,Random Forest,52.807,62.11736104960319,3.085642795382047,245.72,663.32,149.676,12
310,1,Random Forest,65.004,62.102693999007954,3.126682868921627,245.72,663.32,168.308,12
311,1,Random Forest,66.514,61.36783752876984,2.720408541553039,245.72,663.32,189.982,12
29,2,Ordinary Kriging,72.277,71.8641684808373,7.536316547447984,507.091,194.077,10.711,2
30,2,Ordinary Kriging,73.18,71.90424695563284,7.273579554134585,507.091,194.077,30.793,2
31,2,Ordinary Kriging,68.612,71.0923438489746,7.193128053089893,507.091,194.077,49.651,2
32,2,Ordinary Kriging,68.802,69.26718049442368,7.170430545028601,507.091,194.077,69.538,2
33,2,Ordinary Kriging,68.552,67.1769652148363,7.1759388637893995,507.091,194.077,90.858,2
34,2,Ordinary Kriging,64.564,65.77767125259307,7.176190858905048,507.091,194.077,109.809,2
35,2,Ordinary Kriging,66.067,64.82260955408896,7.1713488667687555,507.091,194.077,128.724,2
36,2,Ordinary Kriging,62.245,63.743660590729185,7.1881404492312395,507.091,194.077,148.867,2
37,2,Ordinary Kriging,62.87,62.91879236680911,7.242989689801521,507.091,194.077,169.081,2
38,2,Ordinary Kriging,62.427,62.5891921669922,7.462157666973224,507.091,194.077,190.0,2
39,2,Ordinary Kriging,66.13,74.83544062220413,6.367709587667126,110.259,459.757,10.487,8
40,2,Ordinary Kriging,65.19,74.33044585792268,6.141746255297902,110.259,459.757,29.531,8
41,2,Ordinary Kriging,64.244,72.20834825316545,6.112097729891077,110.259,459.757,50.012,8
42,2,Ordinary Kriging,66.287,70.75167224298178,6.113677154053783,110.259,459.757,70.481,8
43,2,Ordinary Kriging,60.44,70.73536118237541,6.116630623244143,110.259,459.757,90.447,8
44,2,Ordinary Kriging,60.624,70.89087130004738,6.114740155164213,110.259,459.757,110.665,8
45,2,Ordinary Kriging,65.099,69.12718778546166,6.1087769223752035,110.259,459.757,129.902,8
46,2,Ordinary Kriging,60.346,66.47448787954484,6.107441359123908,110.259,459.757,149.577,8
47,2,Ordinary Kriging,64.37,65.11977517263584,6.141234082027074,110.259,459.757,169.92,8
48,2,Ordinary Kriging,60.043,64.40622866662656,6.345410462057764,110.259,459.757,188.313,8
88,2,Ordinary Kriging,74.01,74.69923134107992,7.378921534624216,623.867,103.945,11.724,2
89,2,Ordinary Kriging,76.639,75.45584662693416,7.170570203766872,623.867,103.945,29.82,2
90,2,Ordinary Kriging,71.5,75.20277786311823,7.105434958131556,623.867,103.945,49.617,2
91,2,Ordinary Kriging,71.477,74.39359904198471,7.0858529926239795,623.867,103.945,71.461,2
92,2,Ordinary Kriging,62.041,73.37247133316735,7.0849621768083235,623.867,103.945,88.893,2
93,2,Ordinary Kriging,66.721,71.5662325416348,7.085421142159954,623.867,103.945,109.105,2
94,2,Ordinary Kriging,63.366,69.58455037073517,7.08620921890395,623.867,103.945,130.643,2
95,2,Ordinary Kriging,61.728,67.80518394061325,7.100488866078528,623.867,103.945,149.605,2
96,2,Ordinary Kriging,62.363,66.0358029056395,7.160562049796607,623.867,103.945,169.995,2
97,2,Ordinary Kriging,63.51,65.15888062126423,7.385662943857017,623.867,103.945,189.837,2
155,2,Ordinary Kriging,74.102,68.37275184994904,6.957554546145752,312.202,555.38,10.312,9
156,2,Ordinary Kriging,65.763,66.6221544583773,6.710902940753893,312.202,555.38,31.155,9
157,2,Ordinary Kriging,66.015,63.68772520337302,6.644377880136293,312.202,555.38,67.709,9
158,2,Ordinary Kriging,63.079,59.988011511611504,6.630409810405662,312.202,555.38,90.304,9
159,2,Ordinary Kriging,55.563,57.4324334039911,6.627467882510802,312.202,555.38,110.072,9
160,2,Ordinary Kriging,58.078,56.32372567469007,6.6387198649914145,312.202,555.38,130.414,9
161,2,Ordinary Kriging,59.575,56.79451397867768,6.659939516035496,312.202,555.38,151.616,9
162,2,Ordinary Kriging,58.954,57.67717575507169,6.702217344510122,312.202,555.38,167.937,9
163,2,Ordinary Kriging,61.913,59.07393288593984,6.935344331442387,312.202,555.38,189.409,9
184,2,Ordinary Kriging,64.557,70.70633331605761,6.249325216614995,701.076,79.614,10.0,2
185,2,Ordinary Kriging,61.345,71.31671036946553,6.024768268265917,701.076,79.614,30.197,2
186,2,Ordinary Kriging,65.027,70.72108156075024,5.997013229358946,701.076,79.614,50.821,2
187,2,Ordinary Kriging,67.849,70.23502549523602,5.993441188386653,701.076,79.614,69.606,2
188,2,Ordinary Kriging,63.125,70.02458009932585,5.992583834074853,701.076,79.614,90.521,2
189,2,Ordinary Kriging,63.346,68.21260410873025,5.990281770888078,701.076,79.614,109.734,2
190,2,Ordinary Kriging,65.137,65.51230010971793,5.9942961760917814,701.076,79.614,129.882,2
191,2,Ordinary Kriging,65.324,63.777323217391974,5.998430493237002,701.076,79.614,150.83,2
192,2,Ordinary Kriging,60.844,63.17315375534943,6.016055814903305,701.076,79.614,168.007,2
193,2,Ordinary Kriging,64.667,61.77001505808863,6.207198696914209,701.076,79.614,188.704,2
214,2,Ordinary Kriging,64.139,58.45795083437649,5.860104159569153,386.23,428.013,10.0,9
215,2,Ordinary Kriging,64.091,57.03288457401706,5.649610532283355,386.23,428.013,28.883,9
216,2,Ordinary Kriging,59.193,52.438700599435805,5.630798037266328,386.23,428.013,49.541,9
217,2,Ordinary Kriging,61.193,49.71866886325327,5.621389401482232,386.23,428.013,69.707,9
218,2,Ordinary Kriging,52.362,48.01442247072929,5.614592144013274,386.23,428.013,91.937,9
219,2,Ordinary Kriging,54.492,47.83915877573323,5.619619455666884,386.23,428.013,111.106,9
220,2,Ordinary Kriging,61.756,48.631558394735315,5.622422350882256,386.23,428.013,129.038,9
221,2,Ordinary Kriging,54.92,49.097571068684154,5.6233569260329705,386.23,428.013,150.348,9
222,2,Ordinary Kriging,59.324,48.58106946370617,5.644311836237651,386.23,428.013,169.593,9
223,2,Ordinary Kriging,56.099,48.929997989966026,5.832184050904147,386.23,428.013,189.716,9
29,2,Gaussian Process,72.277,71.91847816879219,7.20189833172154,507.091,194.077,10.711,2
30,2,Gaussian Process,73.18,71.21438154995556,7.113133672764736,507.091,194.077,30.793,2
31,2,Gaussian Process,68.612,70.41320570546236,7.056907920478059,507.091,194.077,49.651,2
32,2,Gaussian Process,68.802,69.46074533606331,7.020743948250948,507.091,194.077,69.538,2
33,2,Gaussian Process,68.552,68.36901796647581,7.002584783070205,507.091,194.077,90.858,2
34,2,Gaussian Process,64.564,67.3812907020493,7.001144696740291,507.091,194.077,109.809,2
35,2,Gaussian Process,66.067,66.41334172805016,7.012998770761844,507.091,194.077,128.724,2
36,2,Gaussian Process,62.245,65.4283579667282,7.04251260259583,507.091,194.077,148.867,2
37,2,Gaussian Process,62.87,64.50365916431414,7.09448629568731,507.091,194.077,169.081,2
38,2,Gaussian Process,62.427,63.62171990566081,7.1784004590512565,507.091,194.077,190.0,2
39,2,Gaussian Process,66.13,73.78660232045131,5.749222478179551,110.259,459.757,10.487,8
40,2,Gaussian Process,65.19,73.15025038261358,5.6246350801263425,110.259,459.757,29.531,8
41,2,Gaussian Process,64.244,72.3407877312111,5.555111082531609,110.259,459.757,50.012,8
42,2,Gaussian Process,66.287,71.46076003982385,5.5256794000227805,110.259,459.757,70.481,8
43,2,Gaussian Process,60.44,70.55025967056433,5.515911651026002,110.259,459.757,90.447,8
44,2,Gaussian Process,60.624,69.555527091653,5.515868528816339,110.259,459.757,110.665,8
45,2,Gaussian Process,65.099,68.52883087512717,5.525455351127561,110.259,459.757,129.902,8
46,2,Gaussian Process,60.346,67.429076800669,5.5540709705874605,110.259,459.757,149.577,8
47,2,Gaussian Process,64.37,66.3169068690595,5.623020344940019,110.259,459.757,169.92,8
48,2,Gaussian Process,60.043,65.40603974337522,5.741625439079681,110.259,459.757,188.313,8
88,2,Gaussian Process,74.01,71.8772575846397,6.96148369315002,623.867,103.945,11.724,2
89,2,Gaussian Process,76.639,71.4407209745278,6.888820249127861,623.867,103.945,29.82,2
90,2,Gaussian Process,71.5,70.76706462420424,6.839496047106501,623.867,103.945,49.617,2
91,2,Gaussian Process,71.477,69.8102997957995,6.811094372812819,623.867,103.945,71.461,2
92,2,Gaussian Process,62.041,68.91773254482457,6.801481392847625,623.867,103.945,88.893,2
93,2,Gaussian Process,66.721,67.78674599983367,6.800724104680071,623.867,103.945,109.105,2
94,2,Gaussian Process,63.366,66.53041321604478,6.812111829999286,623.867,103.945,130.643,2
95,2,Gaussian Process,61.728,65.43360571136951,6.83651811142627,623.867,103.945,149.605,2
96,2,Gaussian Process,62.363,64.31068975102981,6.885554063605482,623.867,103.945,169.995,2
97,2,Gaussian Process,63.51,63.30715149177308,6.965130479658957,623.867,103.945,189.837,2
155,2,Gaussian Process,74.102,69.4105420844073,6.5848213760493834,312.202,555.38,10.312,9
156,2,Gaussian Process,65.763,67.91786281431013,6.492180070236996,312.202,555.38,31.155,9
157,2,Gaussian Process,66.015,64.95986356293804,6.414449514056947,312.202,555.38,67.709,9
158,2,Gaussian Process,63.079,63.23518402629218,6.399142629985858,312.202,555.38,90.304,9
159,2,Gaussian Process,55.563,62.0139579984625,6.398993562014713,312.202,555.38,110.072,9
160,2,Gaussian Process,58.078,61.16352976863823,6.411564332180401,312.202,555.38,130.414,9
161,2,Gaussian Process,59.575,60.755090416894525,6.443123087392493,312.202,555.38,151.616,9
162,2,Gaussian Process,58.954,60.736543045125984,6.486221012923121,312.202,555.38,167.937,9
163,2,Gaussian Process,61.913,60.992774553331714,6.578595668536068,312.202,555.38,189.409,9
184,2,Gaussian Process,64.557,69.00426683897057,5.541243003677671,701.076,79.614,10.0,2
185,2,Gaussian Process,61.345,68.60091755080725,5.420571184031493,701.076,79.614,30.197,2
186,2,Gaussian Process,65.027,67.99183151053049,5.366057409357972,701.076,79.614,50.821,2
187,2,Gaussian Process,67.849,67.2477925184042,5.348766780497145,701.076,79.614,69.606,2
188,2,Gaussian Process,63.125,66.2022314239708,5.343965438231077,701.076,79.614,90.521,2
189,2,Gaussian Process,63.346,65.06957097626162,5.344080116404349,701.076,79.614,109.734,2
190,2,Gaussian Process,65.137,63.788399317623245,5.348583603975113,701.076,79.614,129.882,2
191,2,Gaussian Process,65.324,62.47804363373588,5.3680099299934945,701.076,79.614,150.83,2
192,2,Gaussian Process,60.844,61.49609735540524,5.411720331269334,701.076,79.614,168.007,2
193,2,Gaussian Process,64.667,60.474216212026825,5.5273049961293435,701.076,79.614,188.704,2
214,2,Gaussian Process,64.139,57.72471072800971,5.220947105688193,386.23,428.013,10.0,9
215,2,Gaussian Process,64.091,55.83342657028761,5.099111983322106,386.23,428.013,28.883,9
216,2,Gaussian Process,59.193,53.80724015331995,5.036374279320537,386.23,428.013,49.541,9
217,2,Gaussian Process,61.193,52.08453954572748,5.013508402543383,386.23,428.013,69.707,9
218,2,Gaussian Process,52.362,50.68259696042776,5.006213132448057,386.23,428.013,91.937,9
219,2,Gaussian Process,54.492,49.948055751415716,5.00628515606957,386.23,428.013,111.106,9
220,2,Gaussian Process,61.756,49.61068416921387,5.011674168022654,386.23,428.013,129.038,9
221,2,Gaussian Process,54.92,49.5263599223054,5.033982505163462,386.23,428.013,150.348,9
222,2,Gaussian Process,59.324,49.63382485091893,5.089064847578048,386.23,428.013,169.593,9
223,2,Gaussian Process,56.099,49.85451683123037,5.213565359445435,386.23,428.013,189.716,9
29,2,Random Forest,72.277,59.140327592261954,9.411047281820068,507.091,194.077,10.711,2
30,2,Random Forest,73.18,59.45705691369055,10.116794962091014,507.091,194.077,30.793,2
31,2,Random Forest,68.612,57.47754656845239,8.817322521025595,507.091,194.077,49.651,2
32,2,Random Forest,68.802,55.95507848809525,7.951023175944915,507.091,194.077,69.538,2
33,2,Random Forest,68.552,54.698440609127026,8.566486436832529,507.091,194.077,90.858,2
34,2,Random Forest,64.564,52.269349022817465,7.95692255657656,507.091,194.077,109.809,2
35,2,Random Forest,66.067,51.2753522311508,7.226909537191294,507.091,194.077,128.724,2
36,2,Random Forest,62.245,51.92308055059529,6.97674653413078,507.091,194.077,148.867,2
37,2,Random Forest,62.87,50.99902923214291,7.8674378297272325,507.091,194.077,169.081,2
38,2,Random Forest,62.427,50.201754839285734,7.586957261136092,507.091,194.077,190.0,2
39,2,Random Forest,66.13,71.51797603373015,4.200936313099452,110.259,459.757,10.487,8
40,2,Random Forest,65.19,71.56318162499994,4.138013796693545,110.259,459.757,29.531,8
41,2,Random Forest,64.244,69.35614885813489,4.4700302549522215,110.259,459.757,50.012,8
42,2,Random Forest,66.287,68.49135006845236,2.7759564477528866,110.259,459.757,70.481,8
43,2,Random Forest,60.44,67.57583079761906,2.5159420805291997,110.259,459.757,90.447,8
44,2,Random Forest,60.624,67.41042742857148,3.5821100495211304,110.259,459.757,110.665,8
45,2,Random Forest,65.099,66.45588379464284,3.9428309781317394,110.259,459.757,129.902,8
46,2,Random Forest,60.346,63.44290790773815,3.476323724636412,110.259,459.757,149.577,8
47,2,Random Forest,64.37,64.41667419940481,2.7927444477911894,110.259,459.757,169.92,8
48,2,Random Forest,60.043,64.22718823313498,2.6723751085178606,110.259,459.757,188.313,8
88,2,Random Forest,74.01,59.976982601190514,8.27151355446308,623.867,103.945,11.724,2
89,2,Random Forest,76.639,60.26274176190482,8.809202846746404,623.867,103.945,29.82,2
90,2,Random Forest,71.5,58.86876241071429,6.952008950923834,623.867,103.945,49.617,2
91,2,Random Forest,71.477,57.45977229166666,5.510592742532362,623.867,103.945,71.461,2
92,2,Random Forest,62.041,57.00014704761904,5.436136253457483,623.867,103.945,88.893,2
93,2,Random Forest,66.721,53.43620920535715,5.7343270421161305,623.867,103.945,109.105,2
94,2,Random Forest,63.366,52.27292979166664,5.156397177852473,623.867,103.945,130.643,2
95,2,Random Forest,61.728,53.26756002678572,4.576681402109958,623.867,103.945,149.605,2
96,2,Random Forest,62.363,52.69302902976193,4.35194750182424,623.867,103.945,169.995,2
97,2,Random Forest,63.51,51.91898573809525,4.154188050570366,623.867,103.945,189.837,2
155,2,Random Forest,74.102,73.63511594940472,4.731551039363706,312.202,555.38,10.312,9
156,2,Random Forest,65.763,72.18644629464289,5.205591097823093,312.202,555.38,31.155,9
157,2,Random Forest,66.015,70.3502297371032,5.7781363501622085,312.202,555.38,67.709,9
158,2,Random Forest,63.079,63.6431060744048,3.8477185233956974,312.202,555.38,90.304,9
159,2,Random Forest,55.563,63.16590146428578,3.788906407122193,312.202,555.38,110.072,9
160,2,Random Forest,58.078,60.99065309226191,4.22642867791246,312.202,555.38,130.414,9
161,2,Random Forest,59.575,62.31852572916668,3.7479160525022115,312.202,555.38,151.616,9
162,2,Random Forest,58.954,64.41746398313491,3.4053304357144967,312.202,555.38,167.937,9
163,2,Random Forest,61.913,64.72985163392856,3.5404543129902546,312.202,555.38,189.409,9
184,2,Random Forest,64.557,72.18437712202388,3.9157006800731273,701.076,79.614,10.0,2
185,2,Random Forest,61.345,73.23898671726201,3.8027513318405775,701.076,79.614,30.197,2
186,2,Random Forest,65.027,66.43297368650796,4.035263546832251,701.076,79.614,50.821,2
187,2,Random Forest,67.849,65.94887128373023,2.6754448209279698,701.076,79.614,69.606,2
188,2,Random Forest,63.125,65.47004394642863,2.3507609857891136,701.076,79.614,90.521,2
189,2,Random Forest,63.346,62.16977619246032,2.800955392364386,701.076,79.614,109.734,2
190,2,Random Forest,65.137,61.27907561706343,2.4272759186849115,701.076,79.614,129.882,2
191,2,Random Forest,65.324,59.448431146825314,1.4723434357997762,701.076,79.614,150.83,2
192,2,Random Forest,60.844,59.37065780158723,1.3356505449291127,701.076,79.614,168.007,2
193,2,Random Forest,64.667,59.3720649761904,2.6011781547116635,701.076,79.614,188.704,2
214,2,Random Forest,64.139,70.41761977083328,5.784554891361756,386.23,428.013,10.0,9
215,2,Random Forest,64.091,71.14407704067456,6.141141621218326,386.23,428.013,28.883,9
216,2,Random Forest,59.193,67.98711482539684,6.193032179895898,386.23,428.013,49.541,9
217,2,Random Forest,61.193,64.73932719642859,6.154776609669518,386.23,428.013,69.707,9
218,2,Random Forest,52.362,61.659410187500065,5.801785067037227,386.23,428.013,91.937,9
219,2,Random Forest,54.492,60.00599302380958,5.655509158176159,386.23,428.013,111.106,9
220,2,Random Forest,61.756,60.07226455654767,5.37409769893504,386.23,428.013,129.038,9
221,2,Random Forest,54.92,60.74131213988097,4.974977146708904,386.23,428.013,150.348,9
222,2,Random Forest,59.324,62.54189789781744,5.4818807985790485,386.23,428.013,169.593,9
223,2,Random Forest,56.099,61.866259708333345,5.23715690395299,386.23,428.013,189.716,9
0,3,Ordinary Kriging,48.936,58.44403243690652,5.536183558748454,655.148,506.901,10.0,10
1,3,Ordinary Kriging,44.742,55.517949520295275,5.379742703499099,655.148,506.901,30.75,10
2,3,Ordinary Kriging,41.397,50.174133596573895,5.302963604735236,655.148,506.901,68.049,10
3,3,Ordinary Kriging,35.408,47.92450346765346,5.297690250484215,655.148,506.901,88.698,10
4,3,Ordinary Kriging,37.994,46.502082403721225,5.296164680261647,655.148,506.901,110.128,10
5,3,Ordinary Kriging,33.988,45.959042405095886,5.298010621259015,655.148,506.901,129.684,10
6,3,Ordinary Kriging,40.249,46.09266765914391,5.313464751392186,655.148,506.901,149.983,10
7,3,Ordinary Kriging,38.495,46.769302747374255,5.365053491340475,655.148,506.901,169.147,10
8,3,Ordinary Kriging,39.047,48.47237015342127,5.509667378366065,655.148,506.901,190.0,10
78,3,Ordinary Kriging,50.773,63.8003737966934,4.4454347992504415,483.536,351.629,10.0,5
79,3,Ordinary Kriging,52.056,60.076861742165924,4.06527492068079,483.536,351.629,29.345,5
80,3,Ordinary Kriging,46.303,57.505195695255075,3.961041155628298,483.536,351.629,50.446,5
81,3,Ordinary Kriging,42.113,56.295995185568565,3.960398091014973,483.536,351.629,69.545,5
82,3,Ordinary Kriging,44.78,54.778291451587414,3.9608283704470626,483.536,351.629,88.774,5
83,3,Ordinary Kriging,41.608,52.820556441888876,3.9593080775761824,483.536,351.629,108.722,5
84,3,Ordinary Kriging,44.758,52.45341126836961,3.961316333940976,483.536,351.629,130.173,5
85,3,Ordinary Kriging,41.381,53.10277886280706,3.958153837531062,483.536,351.629,151.579,5
86,3,Ordinary Kriging,38.034,53.39081173620094,3.9655209806373817,483.536,351.629,170.16,5
87,3,Ordinary Kriging,38.359,54.39491266401891,4.1063692794425775,483.536,351.629,189.881,5
98,3,Ordinary Kriging,72.879,63.57295134251059,4.484471097995887,121.244,391.691,10.0,4
99,3,Ordinary Kriging,71.346,61.754649443995184,4.306077664384287,121.244,391.691,30.031,4
100,3,Ordinary Kriging,65.83,60.55734360610831,4.281782729346946,121.244,391.691,49.516,4
101,3,Ordinary Kriging,67.421,59.52308587025916,4.2774084899939835,121.244,391.691,69.672,4
102,3,Ordinary Kriging,66.037,58.07734333124581,4.275488714646898,121.244,391.691,91.003,4
103,3,Ordinary Kriging,71.8,57.853270301605846,4.274026136849443,121.244,391.691,110.538,4
104,3,Ordinary Kriging,69.435,58.50603564552702,4.274378610719641,121.244,391.691,131.337,4
105,3,Ordinary Kriging,61.426,58.74021550843046,4.2795238297365055,121.244,391.691,149.845,4
106,3,Ordinary Kriging,63.637,59.11604045027033,4.304929482142377,121.244,391.691,169.304,4
107,3,Ordinary Kriging,60.596,59.19913202936509,4.498965103244429,121.244,391.691,189.776,4
164,3,Ordinary Kriging,46.608,60.77576767793614,4.8715642392172676,545.435,418.997,10.0,10
165,3,Ordinary Kriging,46.591,57.68290594875406,4.5847205188299505,545.435,418.997,29.852,10
166,3,Ordinary Kriging,41.622,54.805355337534124,4.4914602383529285,545.435,418.997,49.847,10
167,3,Ordinary Kriging,43.022,52.612132598444354,4.479696744059957,545.435,418.997,70.383,10
168,3,Ordinary Kriging,39.6,50.52614186234477,4.4778944125447335,545.435,418.997,91.0,10
169,3,Ordinary Kriging,38.59,48.97877472899538,4.477396758610491,545.435,418.997,108.941,10
170,3,Ordinary Kriging,37.623,48.49054816243151,4.478929301214606,545.435,418.997,129.875,10
171,3,Ordinary Kriging,43.739,48.998241407635646,4.480749793995682,545.435,418.997,151.481,10
172,3,Ordinary Kriging,37.091,49.64668099709748,4.501614729237208,545.435,418.997,169.256,10
173,3,Ordinary Kriging,32.597,50.9479611887221,4.637707141394947,545.435,418.997,189.178,10
242,3,Ordinary Kriging,61.403,65.94304550979432,4.184523591704367,345.628,376.39,11.455,5
243,3,Ordinary Kriging,64.928,64.14327279074013,4.061303533938467,345.628,376.39,30.131,5
244,3,Ordinary Kriging,52.19,61.96640772201728,4.049999812615911,345.628,376.39,50.258,5
245,3,Ordinary Kriging,54.675,59.7369241538382,4.053827153290605,345.628,376.39,71.565,5
246,3,Ordinary Kriging,50.287,57.68795396023077,4.053194851524299,345.628,376.39,89.638,5
247,3,Ordinary Kriging,51.679,57.53393081267841,4.043740274000417,345.628,376.39,109.059,5
248,3,Ordinary Kriging,54.526,58.7315679239591,4.0459701248546525,345.628,376.39,129.551,5
249,3,Ordinary Kriging,53.697,58.41701670416817,4.049864277751274,345.628,376.39,150.452,5
250,3,Ordinary Kriging,54.235,58.19742143411059,4.058862341070886,345.628,376.39,168.434,5
251,3,Ordinary Kriging,55.357,58.29381067670329,4.206385960619207,345.628,376.39,190.0,5
252,3,Ordinary Kriging,53.676,59.954480820230756,5.574487391097756,595.388,525.043,10.0,10
253,3,Ordinary Kriging,51.465,56.55043674435283,5.420406401357451,595.388,525.043,30.707,10
254,3,Ordinary Kriging,50.556,53.52374878207849,5.3591669946510105,595.388,525.043,50.663,10
255,3,Ordinary Kriging,50.987,50.84543984979804,5.33962264096477,595.388,525.043,70.385,10
256,3,Ordinary Kriging,50.472,48.622237181555704,5.3332028425350915,595.388,525.043,90.557,10
257,3,Ordinary Kriging,48.571,47.35085455934514,5.332196371805587,595.388,525.043,110.296,10
258,3,Ordinary Kriging,45.824,46.865857671045966,5.336953591588896,595.388,525.043,132.035,10
259,3,Ordinary Kriging,51.139,46.93864995432435,5.352340354654607,595.388,525.043,149.913,10
260,3,Ordinary Kriging,51.292,47.751166898374876,5.4046917993757875,595.388,525.043,169.693,10
261,3,Ordinary Kriging,49.126,49.44004751722326,5.53308455249142,595.388,525.043,189.246,10
0,3,Gaussian Process,48.936,58.14192316563025,6.384594895215055,655.148,506.901,10.0,10
1,3,Gaussian Process,44.742,56.597656284684284,6.317341657597271,655.148,506.901,30.75,10
2,3,Gaussian Process,41.397,54.062457519863955,6.255410192430201,655.148,506.901,68.049,10
3,3,Gaussian Process,35.408,52.93875621924212,6.243276621585972,655.148,506.901,88.698,10
4,3,Gaussian Process,37.994,52.06297016435636,6.2420921574004495,655.148,506.901,110.128,10
5,3,Gaussian Process,33.988,51.546974605609186,6.250845049876963,655.148,506.901,129.684,10
6,3,Gaussian Process,40.249,51.298115052630855,6.272571834429378,655.148,506.901,149.983,10
7,3,Gaussian Process,38.495,51.31484561041219,6.3094663403353115,655.148,506.901,169.147,10
8,3,Gaussian Process,39.047,51.57900166397229,6.373744877741562,655.148,506.901,190.0,10
78,3,Gaussian Process,50.773,60.80334211856244,4.4484320803946185,483.536,351.629,10.0,5
79,3,Gaussian Process,52.056,58.93155146844903,4.236807626247999,483.536,351.629,29.345,5
80,3,Gaussian Process,46.303,56.94825861245295,4.115173862847107,483.536,351.629,50.446,5
81,3,Gaussian Process,42.113,55.33996196821904,4.073083657181845,483.536,351.629,69.545,5
82,3,Gaussian Process,44.78,54.003765847651835,4.061475056338096,483.536,351.629,88.774,5
83,3,Gaussian Process,41.608,53.023747245055354,4.060279946332624,483.536,351.629,108.722,5
84,3,Gaussian Process,44.758,52.531186524944296,4.064094461572261,483.536,351.629,130.173,5
85,3,Gaussian Process,41.381,52.609773400028324,4.083372025019773,483.536,351.629,151.579,5
86,3,Gaussian Process,38.034,53.03882593798142,4.138807623826593,483.536,351.629,170.16,5
87,3,Gaussian Process,38.359,53.73325636554138,4.277904923290712,483.536,351.629,189.881,5
98,3,Gaussian Process,72.879,62.72618788794781,4.817315418213504,121.244,391.691,10.0,4
99,3,Gaussian Process,71.346,61.87126730476597,4.67479683548602,121.244,391.691,30.031,4
100,3,Gaussian Process,65.83,61.06423054566165,4.611732226985338,121.244,391.691,49.516,4
101,3,Gaussian Process,67.421,60.31022018432449,4.588274727481412,121.244,391.691,69.672,4
102,3,Gaussian Process,66.037,59.6782109767647,4.581337158338003,121.244,391.691,91.003,4
103,3,Gaussian Process,71.8,59.30964056102564,4.580890200415645,121.244,391.691,110.538,4
104,3,Gaussian Process,69.435,59.14131277402595,4.587538711767082,121.244,391.691,131.337,4
105,3,Gaussian Process,61.426,59.1440531078049,4.609941182475801,121.244,391.691,149.845,4
106,3,Gaussian Process,63.637,59.26118739115121,4.673950132593404,121.244,391.691,169.304,4
107,3,Gaussian Process,60.596,59.49213710452625,4.822751237533176,121.244,391.691,189.776,4
164,3,Gaussian Process,46.608,58.99568754523407,5.172306364275159,545.435,418.997,10.0,10
165,3,Gaussian Process,46.591,57.12950872988624,5.0147162741815015,545.435,418.997,29.852,10
166,3,Gaussian Process,41.622,55.30876165590477,4.923510851493119,545.435,418.997,49.847,10
167,3,Gaussian Process,43.022,53.635273823380885,4.880606214847941,545.435,418.997,70.383,10
168,3,Gaussian Process,39.6,52.27928584910175,4.865767964084784,545.435,418.997,91.0,10
169,3,Gaussian Process,38.59,51.44365792883352,4.863474514868622,545.435,418.997,108.941,10
170,3,Gaussian Process,37.623,50.928833214539125,4.869090450551394,545.435,418.997,129.875,10
171,3,Gaussian Process,43.739,50.90585443410025,4.892116204169903,545.435,418.997,151.481,10
172,3,Gaussian Process,37.091,51.21409057780038,4.939880275893846,545.435,418.997,169.256,10
173,3,Gaussian Process,32.597,51.8199964726589,5.047722744531572,545.435,418.997,189.178,10
242,3,Gaussian Process,61.403,64.28046946464761,4.529018690283163,345.628,376.39,11.455,5
243,3,Gaussian Process,64.928,62.90885101790856,4.405948001932156,345.628,376.39,30.131,5
244,3,Gaussian Process,52.19,61.3687544556636,4.352266921659959,345.628,376.39,50.258,5
245,3,Gaussian Process,54.675,59.88058422962448,4.3364385293629315,345.628,376.39,71.565,5
246,3,Gaussian Process,50.287,58.91853581114684,4.332691817495911,345.628,376.39,89.638,5
247,3,Gaussian Process,51.679,58.30849664160307,4.3312102455682115,345.628,376.39,109.059,5
248,3,Gaussian Process,54.526,58.09319627020864,4.334246684914681,345.628,376.39,129.551,5
249,3,Gaussian Process,53.697,58.15239892138175,4.352523331001142,345.628,376.39,150.452,5
250,3,Gaussian Process,54.235,58.31981313085019,4.401877408688222,345.628,376.39,168.434,5
251,3,Gaussian Process,55.357,58.606767715054275,4.5467113592291915,345.628,376.39,190.0,5
252,3,Gaussian Process,53.676,59.35715112208848,6.456291532884709,595.388,525.043,10.0,10
253,3,Gaussian Process,51.465,57.807445673916426,6.392474109593135,595.388,525.043,30.707,10
254,3,Gaussian Process,50.556,56.36880319135169,6.353400084533581,595.388,525.043,50.663,10
255,3,Gaussian Process,50.987,55.086631473323834,6.331297730167035,595.388,525.043,70.385,10
256,3,Gaussian Process,50.472,53.99504057969571,6.321011993180191,595.388,525.043,90.557,10
257,3,Gaussian Process,48.571,53.19425864737326,6.320319465713941,595.388,525.043,110.296,10
258,3,Gaussian Process,45.824,52.646453808906855,6.330143569772353,595.388,525.043,132.035,10
259,3,Gaussian Process,51.139,52.45532386693292,6.348729657156563,595.388,525.043,149.913,10
260,3,Gaussian Process,51.292,52.493233918314075,6.384553726316187,595.388,525.043,169.693,10
261,3,Gaussian Process,49.126,52.752160738414474,6.440673083477416,595.388,525.043,189.246,10
0,3,Random Forest,48.936,66.9127768869048,5.2649521574082145,655.148,506.901,10.0,10
1,3,Random Forest,44.742,64.89499001289686,6.139020761911613,655.148,506.901,30.75,10
2,3,Random Forest,41.397,61.28694205753962,4.743736854688461,655.148,506.901,68.049,10
3,3,Random Forest,35.408,59.78078698719333,4.753679999250887,655.148,506.901,88.698,10
4,3,Random Forest,37.994,56.92241536318541,4.967074999670032,655.148,506.901,110.128,10
5,3,Random Forest,33.988,56.78544709136003,5.113924276189565,655.148,506.901,129.684,10
6,3,Random Forest,40.249,56.55840052191557,3.9747286350168696,655.148,506.901,149.983,10
7,3,Random Forest,38.495,57.52366197132035,4.5886642612534585,655.148,506.901,169.147,10
8,3,Random Forest,39.047,56.52908008540767,4.537650790876431,655.148,506.901,190.0,10
78,3,Random Forest,50.773,66.80257591170644,5.444685986546827,483.536,351.629,10.0,5
79,3,Random Forest,52.056,68.13586763492076,6.539833967301956,483.536,351.629,29.345,5
80,3,Random Forest,46.303,59.66140550396825,5.0236230100816295,483.536,351.629,50.446,5
81,3,Random Forest,42.113,59.990808152777745,4.768329426497451,483.536,351.629,69.545,5
82,3,Random Forest,44.78,57.95416580654765,4.910681457245135,483.536,351.629,88.774,5
83,3,Random Forest,41.608,53.416643791666694,4.353378707126045,483.536,351.629,108.722,5
84,3,Random Forest,44.758,53.76708966964284,4.699937711664051,483.536,351.629,130.173,5
85,3,Random Forest,41.381,54.33952647321426,4.180967342212093,483.536,351.629,151.579,5
86,3,Random Forest,38.034,54.20854135119046,4.567316666465108,483.536,351.629,170.16,5
87,3,Random Forest,38.359,54.283166014880926,4.44919283090317,483.536,351.629,189.881,5
98,3,Random Forest,72.879,66.03282186525968,3.873420717347402,121.244,391.691,10.0,4
99,3,Random Forest,71.346,65.38524978589466,4.153830058143469,121.244,391.691,30.031,4
100,3,Random Forest,65.83,64.00790960137084,4.296072745905695,121.244,391.691,49.516,4
101,3,Random Forest,67.421,64.20021993470418,3.9906946095362725,121.244,391.691,69.672,4
102,3,Random Forest,66.037,61.20420055059523,3.6993478433174554,121.244,391.691,91.003,4
103,3,Random Forest,71.8,60.01294460416668,3.5045100072394693,121.244,391.691,110.538,4
104,3,Random Forest,69.435,60.44651803273813,3.2516313639503784,121.244,391.691,131.337,4
105,3,Random Forest,61.426,60.13936461607147,2.9969974419403633,121.244,391.691,149.845,4
106,3,Random Forest,63.637,60.96538308134927,3.1420022166508303,121.244,391.691,169.304,4
107,3,Random Forest,60.596,61.11979554662704,3.8580732106061815,121.244,391.691,189.776,4
164,3,Random Forest,46.608,65.87802822619057,5.179566153719936,545.435,418.997,10.0,10
165,3,Random Forest,46.591,67.20833808234136,6.437752752855911,545.435,418.997,29.852,10
166,3,Random Forest,41.622,59.48971631051588,3.9573361488627055,545.435,418.997,49.847,10
167,3,Random Forest,43.022,59.36638290972218,4.450708358978972,545.435,418.997,70.383,10
168,3,Random Forest,39.6,56.519881322420694,5.319730722861964,545.435,418.997,91.0,10
169,3,Random Forest,38.59,53.17835313194444,4.089723315545833,545.435,418.997,108.941,10
170,3,Random Forest,37.623,53.75136876289678,4.500883759005111,545.435,418.997,129.875,10
171,3,Random Forest,43.739,54.46601295833336,3.5476490445226614,545.435,418.997,151.481,10
172,3,Random Forest,37.091,54.64836712500002,3.82225920534218,545.435,418.997,169.256,10
173,3,Random Forest,32.597,54.68988040178572,4.244294805091893,545.435,418.997,189.178,10
242,3,Random Forest,61.403,68.51578118055566,5.226526080328116,345.628,376.39,11.455,5
243,3,Random Forest,64.928,67.26850871130961,5.452704916886225,345.628,376.39,30.131,5
244,3,Random Forest,52.19,63.51677783928573,5.700759853457048,345.628,376.39,50.258,5
245,3,Random Forest,54.675,63.36034054563492,5.122210608497158,345.628,376.39,71.565,5
246,3,Random Forest,50.287,59.32911052678578,4.910482752296957,345.628,376.39,89.638,5
247,3,Random Forest,51.679,55.99010665277778,4.604911049999084,345.628,376.39,109.059,5
248,3,Random Forest,54.526,56.4533360327381,4.460166593028768,345.628,376.39,129.551,5
249,3,Random Forest,53.697,56.47320582738096,3.9280442931512214,345.628,376.39,150.452,5
250,3,Random Forest,54.235,57.464403774801575,4.539811263015172,345.628,376.39,168.434,5
251,3,Random Forest,55.357,57.06757070138889,4.856229596251281,345.628,376.39,190.0,5
252,3,Random Forest,53.676,67.81911361408731,5.590009397691487,595.388,525.043,10.0,10
253,3,Random Forest,51.465,65.00690359027777,6.587263468352734,595.388,525.043,30.707,10
254,3,Random Forest,50.556,61.45863269146819,5.659013257476076,595.388,525.043,50.663,10
255,3,Random Forest,50.987,60.60514232043647,5.27482695224002,595.388,525.043,70.385,10
256,3,Random Forest,50.472,57.15341002480162,5.2332189064510475,595.388,525.043,90.557,10
257,3,Random Forest,48.571,54.84954098908731,4.8793394152306675,595.388,525.043,110.296,10
258,3,Random Forest,45.824,55.03433714583334,4.9304547063629025,595.388,525.043,132.035,10
259,3,Random Forest,51.139,55.08586306845237,4.238061671722073,595.388,525.043,149.913,10
260,3,Random Forest,51.292,56.16396009226194,5.196433186796704,595.388,525.043,169.693,10
261,3,Random Forest,49.126,56.31222994940479,5.432060851974176,595.388,525.043,189.246,10
58,4,Ordinary Kriging,72.992,70.01579124126538,6.070124638475884,748.073,216.654,10.0,6
59,4,Ordinary Kriging,76.529,70.50223102063082,5.83896853796558,748.073,216.654,29.36,6
60,4,Ordinary Kriging,78.603,69.19568854891942,5.8252043565315255,748.073,216.654,49.073,6
61,4,Ordinary Kriging,69.811,66.77601757688392,5.8309918503792275,748.073,216.654,69.61,6
62,4,Ordinary Kriging,64.129,64.82648668839391,5.826103576340057,748.073,216.654,88.623,6
63,4,Ordinary Kriging,58.987,62.82510359501438,5.82383412120883,748.073,216.654,110.635,6
64,4,Ordinary Kriging,64.855,60.93749313163818,5.828739169966955,748.073,216.654,129.778,6
65,4,Ordinary Kriging,60.476,60.40723167355713,5.828398030315327,748.073,216.654,148.529,6
66,4,Ordinary Kriging,60.507,60.469670288425675,5.837050022067419,748.073,216.654,168.984,6
67,4,Ordinary Kriging,58.59,60.7960317235853,6.050128831582156,748.073,216.654,190.0,6
108,4,Ordinary Kriging,58.935,54.88132615161689,8.671679078953185,916.495,472.817,10.316,11
109,4,Ordinary Kriging,58.575,52.454991791425456,8.493377553402777,916.495,472.817,31.206,11
110,4,Ordinary Kriging,67.897,50.31747699784774,8.439162621552837,916.495,472.817,49.271,11
111,4,Ordinary Kriging,54.981,46.95538447721403,8.405292544354138,916.495,472.817,87.853,11
112,4,Ordinary Kriging,62.557,45.723793277738096,8.402873178331474,916.495,472.817,109.837,11
113,4,Ordinary Kriging,65.27,45.0652406742329,8.408043679682276,916.495,472.817,128.938,11
114,4,Ordinary Kriging,53.023,45.05857823886927,8.429168622092519,916.495,472.817,149.471,11
115,4,Ordinary Kriging,55.666,45.618624128312085,8.486537623372119,916.495,472.817,169.123,11
126,4,Ordinary Kriging,73.047,71.22682568386838,7.65184470103978,367.394,703.661,11.573,13
127,4,Ordinary Kriging,73.466,68.94463898920674,7.429012503021054,367.394,703.661,30.386,13
128,4,Ordinary Kriging,73.521,66.78563969258916,7.3621082133999565,367.394,703.661,49.237,13
129,4,Ordinary Kriging,70.125,65.15215207312815,7.3424375610368555,367.394,703.661,68.888,13
130,4,Ordinary Kriging,65.812,63.42573938185325,7.342117284645715,367.394,703.661,91.191,13
131,4,Ordinary Kriging,64.127,62.2976934233158,7.342377309380277,367.394,703.661,110.263,13
132,4,Ordinary Kriging,62.565,61.32481213928424,7.338235556075751,367.394,703.661,130.48,13
133,4,Ordinary Kriging,64.11,61.26163922444155,7.3472363614080445,367.394,703.661,148.255,13
134,4,Ordinary Kriging,69.797,62.7853471365191,7.426938628463885,367.394,703.661,170.927,13
135,4,Ordinary Kriging,59.378,63.88157079157561,7.660710799462081,367.394,703.661,190.0,13
194,4,Ordinary Kriging,58.633,54.93745338958997,7.468183937057785,902.647,567.984,10.0,11
195,4,Ordinary Kriging,54.946,51.36989296221772,7.251027410432647,902.647,567.984,29.406,11
196,4,Ordinary Kriging,47.602,48.03035945616006,7.208316694473729,902.647,567.984,48.519,11
197,4,Ordinary Kriging,53.473,45.93258627234274,7.198727113083601,902.647,567.984,69.112,11
198,4,Ordinary Kriging,46.999,45.0152285807702,7.189785852640183,902.647,567.984,89.642,11
199,4,Ordinary Kriging,46.221,44.68212432162718,7.1892896506172725,902.647,567.984,110.804,11
200,4,Ordinary Kriging,44.657,45.387822741544355,7.194227770631477,902.647,567.984,131.721,11
201,4,Ordinary Kriging,46.521,45.830256502814095,7.204630941814278,902.647,567.984,148.618,11
202,4,Ordinary Kriging,50.903,45.987357374412454,7.249251146049131,902.647,567.984,170.393,11
203,4,Ordinary Kriging,49.896,46.86200402473224,7.436497053251498,902.647,567.984,188.959,11
204,4,Ordinary Kriging,71.754,63.1012365572986,6.244901343514091,716.711,298.929,10.362,6
205,4,Ordinary Kriging,72.086,62.494962270798744,5.973281351871511,716.711,298.929,31.321,6
206,4,Ordinary Kriging,65.352,60.09864752444664,5.948455188410775,716.711,298.929,49.657,6
207,4,Ordinary Kriging,64.416,57.70843401036784,5.943853831130333,716.711,298.929,68.523,6
208,4,Ordinary Kriging,65.42,55.765471727252,5.9351025117484575,716.711,298.929,91.067,6
209,4,Ordinary Kriging,58.229,54.18138152479623,5.933028568299476,716.711,298.929,109.669,6
210,4,Ordinary Kriging,60.323,52.23077208387834,5.9402840594326,716.711,298.929,131.115,6
211,4,Ordinary Kriging,58.147,52.00932740156035,5.94783586403528,716.711,298.929,150.383,6
212,4,Ordinary Kriging,58.125,52.684428044538336,5.976677814901583,716.711,298.929,169.869,6
213,4,Ordinary Kriging,53.479,53.25307236136374,6.232243664575857,716.711,298.929,190.0,6
224,4,Ordinary Kriging,70.186,69.64395037562124,9.403213371839703,458.809,744.805,10.0,13
225,4,Ordinary Kriging,72.557,68.19720564734921,9.24271808167615,458.809,744.805,29.83,13
226,4,Ordinary Kriging,62.443,66.80828584526434,9.175890115677388,458.809,744.805,49.221,13
227,4,Ordinary Kriging,64.716,65.67963895050072,9.14899938351715,458.809,744.805,70.43,13
228,4,Ordinary Kriging,57.938,64.83427310910818,9.138791066044337,458.809,744.805,89.148,13
229,4,Ordinary Kriging,57.928,63.86718650171727,9.137872381739243,458.809,744.805,110.666,13
230,4,Ordinary Kriging,65.945,63.178805999772514,9.147473066827146,458.809,744.805,131.085,13
231,4,Ordinary Kriging,64.78,63.20309551256568,9.170151377517112,458.809,744.805,150.367,13
232,4,Ordinary Kriging,59.022,63.92116220236314,9.393822770163569,458.809,744.805,190.0,13
233,4,Ordinary Kriging,58.789,51.53301789066584,5.6972012370980085,568.801,326.412,32.42,6
234,4,Ordinary Kriging,53.473,49.0298730232431,5.6852999931748,568.801,326.412,50.435,6
235,4,Ordinary Kriging,56.645,47.52360344049901,5.682677534729568,568.801,326.412,69.44,6
236,4,Ordinary Kriging,57.122,46.764810228543155,5.679339732868803,568.801,326.412,90.465,6
237,4,Ordinary Kriging,48.138,45.85767071044194,5.681555653023285,568.801,326.412,108.439,6
238,4,Ordinary Kriging,47.462,45.1886033880334,5.689129732771302,568.801,326.412,129.703,6
239,4,Ordinary Kriging,53.677,43.89749973160394,5.685699526604248,568.801,326.412,150.099,6
240,4,Ordinary Kriging,48.829,41.822963213346725,5.696205892236885,568.801,326.412,169.914,6
241,4,Ordinary Kriging,53.212,41.39739209641125,5.874158218462825,568.801,326.412,190.0,6
58,4,Gaussian Process,72.992,71.34314732756572,5.50843455054928,748.073,216.654,10.0,6
59,4,Gaussian Process,76.529,70.39887608385288,5.394821810253052,748.073,216.654,29.36,6
60,4,Gaussian Process,78.603,69.16853529973473,5.339282342411606,748.073,216.654,49.073,6
61,4,Gaussian Process,69.811,67.71015126553512,5.317790459715148,748.073,216.654,69.61,6
62,4,Gaussian Process,64.129,66.33404250853685,5.312268360830997,748.073,216.654,88.623,6
63,4,Gaussian Process,58.987,64.87558713506404,5.312329003537221,748.073,216.654,110.635,6
64,4,Gaussian Process,64.855,63.82929965803016,5.3178332216230375,748.073,216.654,129.778,6
65,4,Gaussian Process,60.476,63.041826444420266,5.33564551307692,748.073,216.654,148.529,6
66,4,Gaussian Process,60.507,62.416863033366596,5.387434496218083,748.073,216.654,168.984,6
67,4,Gaussian Process,58.59,61.932258908216674,5.5050779340658424,748.073,216.654,190.0,6
108,4,Gaussian Process,58.935,53.08289284166886,8.654539021619735,916.495,472.817,10.316,11
109,4,Gaussian Process,58.575,51.77712105966239,8.596938784775324,916.495,472.817,31.206,11
110,4,Gaussian Process,67.897,50.70368383346347,8.561501393420773,916.495,472.817,49.271,11
111,4,Gaussian Process,54.981,48.738161861047914,8.523827113820476,916.495,472.817,87.853,11
112,4,Gaussian Process,62.557,47.89269881302023,8.522588618699823,916.495,472.817,109.837,11
113,4,Gaussian Process,65.27,47.34790458501821,8.53310120757358,916.495,472.817,128.938,11
114,4,Gaussian Process,53.023,46.966322114987506,8.557451914800975,916.495,472.817,149.471,11
115,4,Gaussian Process,55.666,46.79549284539485,8.595101053457128,916.495,472.817,169.123,11
126,4,Gaussian Process,73.047,68.33347443109153,6.913839111692268,367.394,703.661,11.573,13
127,4,Gaussian Process,73.466,67.12172597363211,6.7917348746135335,367.394,703.661,30.386,13
128,4,Gaussian Process,73.521,65.80828399231888,6.710337203637672,367.394,703.661,49.237,13
129,4,Gaussian Process,70.125,64.45242477366882,6.660226396251528,367.394,703.661,68.888,13
130,4,Gaussian Process,65.812,63.110437812778166,6.635440336428448,367.394,703.661,91.191,13
131,4,Gaussian Process,64.127,62.26998569184196,6.635982040050015,367.394,703.661,110.263,13
132,4,Gaussian Process,62.565,61.78463578132609,6.658491422646287,367.394,703.661,130.48,13
133,4,Gaussian Process,64.11,61.72333558175337,6.701156726960679,367.394,703.661,148.255,13
134,4,Gaussian Process,69.797,62.08415054590754,6.797071759052835,367.394,703.661,170.927,13
135,4,Gaussian Process,59.378,62.66254303941864,6.9232421498710215,367.394,703.661,190.0,13
194,4,Gaussian Process,58.633,52.30024350799168,6.928836065807404,902.647,567.984,10.0,11
195,4,Gaussian Process,54.946,50.69885258802497,6.828248571412093,902.647,567.984,29.406,11
196,4,Gaussian Process,47.602,49.25845911566836,6.769588389699944,902.647,567.984,48.519,11
197,4,Gaussian Process,53.473,47.97016093266747,6.737061246987349,902.647,567.984,69.112,11
198,4,Gaussian Process,46.999,47.03126483603545,6.724065859501872,902.647,567.984,89.642,11
199,4,Gaussian Process,46.221,46.43362451401951,6.723982687820296,902.647,567.984,110.804,11
200,4,Gaussian Process,44.657,46.1601999694607,6.737225560709539,902.647,567.984,131.721,11
201,4,Gaussian Process,46.521,46.11762572683153,6.762199309249817,902.647,567.984,148.618,11
202,4,Gaussian Process,50.903,46.24092353965164,6.824952211239246,902.647,567.984,170.393,11
203,4,Gaussian Process,49.896,46.47891247694169,6.918181046408962,902.647,567.984,188.959,11
204,4,Gaussian Process,71.754,63.87066615109967,5.502326405574646,716.711,298.929,10.362,6
205,4,Gaussian Process,72.086,62.3183838581783,5.359113464009618,716.711,298.929,31.321,6
206,4,Gaussian Process,65.352,60.77790189743868,5.295486070978352,716.711,298.929,49.657,6
207,4,Gaussian Process,64.416,59.118700588441754,5.266368016501615,716.711,298.929,68.523,6
208,4,Gaussian Process,65.42,57.2147971862097,5.255224013308192,716.711,298.929,91.067,6
209,4,Gaussian Process,58.229,55.84769553659562,5.255468765829402,716.711,298.929,109.669,6
210,4,Gaussian Process,60.323,54.617394722251795,5.26632897553533,716.711,298.929,131.115,6
211,4,Gaussian Process,58.147,53.8628211129339,5.295623487174789,716.711,298.929,150.383,6
212,4,Gaussian Process,58.125,53.3995269265033,5.363723935842634,716.711,298.929,169.869,6
213,4,Gaussian Process,53.479,53.14529821462765,5.5015887169043305,716.711,298.929,190.0,6
224,4,Gaussian Process,70.186,66.04061754885421,8.960523173456496,458.809,744.805,10.0,13
225,4,Gaussian Process,72.557,65.46540174444998,8.902859423949923,458.809,744.805,29.83,13
226,4,Gaussian Process,62.443,64.88969950431016,8.861362944833727,458.809,744.805,49.221,13
227,4,Gaussian Process,64.716,64.28628029758572,8.831984743891425,458.809,744.805,70.43,13
228,4,Gaussian Process,57.938,63.81102395749434,8.819148682389315,458.809,744.805,89.148,13
229,4,Gaussian Process,57.928,63.3659337235567,8.818946785310281,458.809,744.805,110.666,13
230,4,Gaussian Process,65.945,63.06622914134445,8.83315352419075,458.809,744.805,131.085,13
231,4,Gaussian Process,64.78,62.90011769776495,8.859971806403095,458.809,744.805,150.367,13
232,4,Gaussian Process,59.022,62.87842659478444,8.959215109770025,458.809,744.805,190.0,13
233,4,Gaussian Process,58.789,50.24433824363856,5.031600897789689,568.801,326.412,32.42,6
234,4,Gaussian Process,53.473,48.437923647975694,4.980514854571728,568.801,326.412,50.435,6
235,4,Gaussian Process,56.645,46.68812110618815,4.957911210121401,568.801,326.412,69.44,6
236,4,Gaussian Process,57.122,44.99086046806014,4.950365536420222,568.801,326.412,90.465,6
237,4,Gaussian Process,48.138,43.7416286874319,4.9505788727432805,568.801,326.412,108.439,6
238,4,Gaussian Process,47.462,42.4820226731279,4.958120231463594,568.801,326.412,129.703,6
239,4,Gaussian Process,53.677,41.49850693403042,4.981997880542098,568.801,326.412,150.099,6
240,4,Gaussian Process,48.829,40.807047115051695,5.041582261902152,568.801,326.412,169.914,6
241,4,Gaussian Process,53.212,40.453638518975836,5.168664104522951,568.801,326.412,190.0,6
58,4,Random Forest,72.992,68.00832899801584,3.9061885979837623,748.073,216.654,10.0,6
59,4,Random Forest,76.529,69.43301276984128,3.6312862800394954,748.073,216.654,29.36,6
60,4,Random Forest,78.603,67.41671640376978,2.594409983863539,748.073,216.654,49.073,6
61,4,Random Forest,69.811,65.76428199801587,2.2306957931993034,748.073,216.654,69.61,6
62,4,Random Forest,64.129,64.29183744146825,2.17524426281416,748.073,216.654,88.623,6
63,4,Random Forest,58.987,63.822137049603235,1.9795720243928843,748.073,216.654,110.635,6
64,4,Random Forest,64.855,61.22715790773801,2.8472443430965053,748.073,216.654,129.778,6
65,4,Random Forest,60.476,61.44336410416665,2.144751908065666,748.073,216.654,148.529,6
66,4,Random Forest,60.507,60.02438820535712,2.198823589314754,748.073,216.654,168.984,6
67,4,Random Forest,58.59,58.877838619047594,3.3328679337102693,748.073,216.654,190.0,6
108,4,Random Forest,58.935,56.23941333630951,9.378996691756097,916.495,472.817,10.316,11
109,4,Random Forest,58.575,54.10444378273805,10.702119412169926,916.495,472.817,31.206,11
110,4,Random Forest,67.897,52.527538104166645,11.626830137834299,916.495,472.817,49.271,11
111,4,Random Forest,54.981,49.65277339186511,13.54402803120172,916.495,472.817,87.853,11
112,4,Random Forest,62.557,47.454388024801574,12.995638668184805,916.495,472.817,109.837,11
113,4,Random Forest,65.27,47.205802280754,12.878942511421613,916.495,472.817,128.938,11
114,4,Random Forest,53.023,48.349705283730216,11.126075173808212,916.495,472.817,149.471,11
115,4,Random Forest,55.666,47.63129874206352,11.886023631753954,916.495,472.817,169.123,11
126,4,Random Forest,73.047,70.80521990575396,4.837690856365096,367.394,703.661,11.573,13
127,4,Random Forest,73.466,68.84163675496032,5.062741379234033,367.394,703.661,30.386,13
128,4,Random Forest,73.521,68.49837974603177,5.939864236483162,367.394,703.661,49.237,13
129,4,Random Forest,70.125,66.6488785347222,6.288207105043168,367.394,703.661,68.888,13
130,4,Random Forest,65.812,62.47651301587296,7.534291192358215,367.394,703.661,91.191,13
131,4,Random Forest,64.127,62.05284711706342,7.050313427648714,367.394,703.661,110.263,13
132,4,Random Forest,62.565,62.19496459623009,6.479998352170507,367.394,703.661,130.48,13
133,4,Random Forest,64.11,61.84863448511899,6.783662237411868,367.394,703.661,148.255,13
134,4,Random Forest,69.797,63.35525744940475,6.3293301917223115,367.394,703.661,170.927,13
135,4,Random Forest,59.378,63.417645925595224,6.320099866429446,367.394,703.661,190.0,13
194,4,Random Forest,58.633,61.11237524206343,7.370913924597268,902.647,567.984,10.0,11
195,4,Random Forest,54.946,61.116366780753914,7.614798296651233,902.647,567.984,29.406,11
196,4,Random Forest,47.602,57.91971911408732,8.835240153695207,902.647,567.984,48.519,11
197,4,Random Forest,53.473,57.45160892460321,8.857770395320411,902.647,567.984,69.112,11
198,4,Random Forest,46.999,57.27601782837306,8.62072055332515,902.647,567.984,89.642,11
199,4,Random Forest,46.221,55.603190420634945,7.849057290153082,902.647,567.984,110.804,11
200,4,Random Forest,44.657,55.78748173908737,7.384621344807605,902.647,567.984,131.721,11
201,4,Random Forest,46.521,56.432095611111166,5.7049759255947405,902.647,567.984,148.618,11
202,4,Random Forest,50.903,56.424615405754004,6.158440046661036,902.647,567.984,170.393,11
203,4,Random Forest,49.896,55.70445357837302,6.798051792343672,902.647,567.984,188.959,11
204,4,Random Forest,71.754,69.20043880753964,3.5784119880566916,716.711,298.929,10.362,6
205,4,Random Forest,72.086,68.8823979047619,3.6377972064488593,716.711,298.929,31.321,6
206,4,Random Forest,65.352,67.63532180257936,2.7768002734595902,716.711,298.929,49.657,6
207,4,Random Forest,64.416,66.31560725198413,2.426524737807113,716.711,298.929,68.523,6
208,4,Random Forest,65.42,64.83775441567462,3.0456064344059084,716.711,298.929,91.067,6
209,4,Random Forest,58.229,64.05083383730167,2.576598716465196,716.711,298.929,109.669,6
210,4,Random Forest,60.323,62.55128161507933,2.7468094516485304,716.711,298.929,131.115,6
211,4,Random Forest,58.147,62.480271696428616,2.6734402895713454,716.711,298.929,150.383,6
212,4,Random Forest,58.125,61.882888085317454,2.7494505681939616,716.711,298.929,169.869,6
213,4,Random Forest,53.479,61.29204932738098,3.8328800666754343,716.711,298.929,190.0,6
224,4,Random Forest,70.186,62.81771730555552,7.830506629073469,458.809,744.805,10.0,13
225,4,Random Forest,72.557,62.93559420734122,7.9311452711351125,458.809,744.805,29.83,13
226,4,Random Forest,62.443,60.13635715079363,9.37504761895786,458.809,744.805,49.221,13
227,4,Random Forest,64.716,58.636843171626964,8.739285069394795,458.809,744.805,70.43,13
228,4,Random Forest,57.938,58.01062966269841,8.757342019046442,458.809,744.805,89.148,13
229,4,Random Forest,57.928,56.08051952380958,8.177735743730704,458.809,744.805,110.666,13
230,4,Random Forest,65.945,56.201892972222296,7.63698663396385,458.809,744.805,131.085,13
231,4,Random Forest,64.78,56.65450153373018,6.158623299117499,458.809,744.805,150.367,13
232,4,Random Forest,59.022,56.15635652579367,7.256393429394319,458.809,744.805,190.0,13
233,4,Random Forest,58.789,47.9813611190476,6.34332195746835,568.801,326.412,32.42,6
234,4,Random Forest,53.473,45.22147118154759,5.547333440038588,568.801,326.412,50.435,6
235,4,Random Forest,56.645,43.799579151785686,5.601213887665435,568.801,326.412,69.44,6
236,4,Random Forest,57.122,41.90415709821429,5.214331705255052,568.801,326.412,90.465,6
237,4,Random Forest,48.138,41.40161463988095,4.930988008924094,568.801,326.412,108.439,6
238,4,Random Forest,47.462,40.60431573511905,4.901870213610054,568.801,326.412,129.703,6
239,4,Random Forest,53.677,41.752133346230096,4.164122940595674,568.801,326.412,150.099,6
240,4,Random Forest,48.829,38.51470320833331,4.533182179024989,568.801,326.412,169.914,6
241,4,Random Forest,53.212,38.127576142857116,4.215302560740534,568.801,326.412,190.0,6
19,5,Ordinary Kriging,69.732,57.76754715937393,9.818806251997282,883.142,752.134,10.232,15
20,5,Ordinary Kriging,67.94,55.716938529652886,9.646865031155253,883.142,752.134,30.117,15
21,5,Ordinary Kriging,65.665,53.969026890346285,9.56048789120823,883.142,752.134,50.219,15
22,5,Ordinary Kriging,64.858,52.743253161949376,9.521097774973283,883.142,752.134,70.871,15
23,5,Ordinary Kriging,68.666,52.38611881309051,9.509449922525743,883.142,752.134,90.224,15
24,5,Ordinary Kriging,60.563,52.22511083138721,9.512985280269692,883.142,752.134,110.679,15
25,5,Ordinary Kriging,65.727,52.35148452661262,9.531928556483662,883.142,752.134,130.068,15
26,5,Ordinary Kriging,57.962,52.939537534569915,9.577099900138066,883.142,752.134,150.289,15
27,5,Ordinary Kriging,62.465,53.95298123472987,9.666733235805193,883.142,752.134,170.631,15
28,5,Ordinary Kriging,64.284,55.07897499637375,9.819102257019159,883.142,752.134,188.543,15
68,5,Ordinary Kriging,60.518,71.71391668586604,7.445107464402268,160.274,160.299,11.066,0
69,5,Ordinary Kriging,56.341,71.45552049469012,7.2359708117866,160.274,160.299,30.157,0
70,5,Ordinary Kriging,54.427,70.50899363123635,7.176973008134341,160.274,160.299,49.841,0
71,5,Ordinary Kriging,52.729,68.66652358664383,7.16077142049654,160.274,160.299,68.964,0
72,5,Ordinary Kriging,59.405,67.07454235667402,7.155700977430309,160.274,160.299,88.325,0
73,5,Ordinary Kriging,49.538,66.44669812124526,7.153281964699144,160.274,160.299,109.514,0
74,5,Ordinary Kriging,54.66,66.64165607041119,7.169224409485913,160.274,160.299,129.946,0
75,5,Ordinary Kriging,50.516,66.82167389570269,7.2435761755063925,160.274,160.299,151.768,0
76,5,Ordinary Kriging,57.244,66.67314924221253,7.341670521607268,160.274,160.299,170.13,0
77,5,Ordinary Kriging,56.756,66.337806176844,7.525650805803914,160.274,160.299,190.0,0
136,5,Ordinary Kriging,54.035,69.25777625575053,9.74492721891189,50.107,126.179,10.177,0
137,5,Ordinary Kriging,53.846,68.86245319208173,9.588629780262341,50.107,126.179,30.296,0
138,5,Ordinary Kriging,56.105,68.67768484659749,9.52158890525652,50.107,126.179,49.628,0
139,5,Ordinary Kriging,52.783,67.59047936470745,9.478865945148092,50.107,126.179,90.328,0
140,5,Ordinary Kriging,50.234,67.08929656378892,9.483873631547471,50.107,126.179,111.727,0
141,5,Ordinary Kriging,48.216,66.88792990398275,9.498507550269936,50.107,126.179,128.466,0
142,5,Ordinary Kriging,53.323,66.70360480310268,9.542283883224592,50.107,126.179,150.864,0
143,5,Ordinary Kriging,50.777,66.52385586205477,9.61260712334554,50.107,126.179,169.671,0
144,5,Ordinary Kriging,53.242,66.39800792091091,9.765216385058588,50.107,126.179,189.939,0
262,5,Ordinary Kriging,57.003,54.75707373519906,7.140889712791618,835.315,639.514,10.548,15
263,5,Ordinary Kriging,57.014,51.94361377610298,6.89090446671192,835.315,639.514,30.188,15
264,5,Ordinary Kriging,46.607,49.86712617997963,6.833278156638162,835.315,639.514,48.552,15
265,5,Ordinary Kriging,47.953,48.4784700132994,6.819509722220642,835.315,639.514,69.932,15
266,5,Ordinary Kriging,48.751,46.99993490876858,6.81870655549396,835.315,639.514,90.262,15
267,5,Ordinary Kriging,45.507,45.95753508173541,6.818709198343067,835.315,639.514,109.1,15
268,5,Ordinary Kriging,50.793,45.87697953107645,6.817951015149901,835.315,639.514,130.19,15
269,5,Ordinary Kriging,55.23,46.86705684892437,6.834822008762258,835.315,639.514,148.545,15
270,5,Ordinary Kriging,46.813,48.644899296580256,6.914285921580667,835.315,639.514,171.336,15
271,5,Ordinary Kriging,48.603,49.998764689577165,7.174682828687844,835.315,639.514,190.0,15
282,5,Ordinary Kriging,67.325,73.13395973609357,9.04577790341344,970.85,256.691,10.0,7
283,5,Ordinary Kriging,67.893,74.00455683098396,8.876638681848252,970.85,256.691,30.235,7
284,5,Ordinary Kriging,67.353,74.15676892224339,8.812706376197324,970.85,256.691,48.576,7
285,5,Ordinary Kriging,62.913,73.63253443318972,8.78178627191159,970.85,256.691,70.446,7
286,5,Ordinary Kriging,64.728,72.3913498646404,8.769621580002717,970.85,256.691,89.193,7
287,5,Ordinary Kriging,60.516,70.74001218216362,8.767638739109847,970.85,256.691,108.717,7
288,5,Ordinary Kriging,60.068,68.70123804298349,8.785020405313414,970.85,256.691,130.714,7
289,5,Ordinary Kriging,65.087,66.77102947805055,8.830407219665487,970.85,256.691,150.242,7
290,5,Ordinary Kriging,57.759,65.09272539333004,8.92996579343357,970.85,256.691,169.386,7
291,5,Ordinary Kriging,53.41,63.413079020441174,9.147120387713807,970.85,256.691,190.0,7
292,5,Ordinary Kriging,70.635,73.34912696819889,5.8569645106975115,806.719,271.771,12.549,7
293,5,Ordinary Kriging,74.576,74.46123220747508,5.725660088823532,806.719,271.771,29.595,7
294,5,Ordinary Kriging,68.208,73.16720264874118,5.705778795362545,806.719,271.771,48.063,7
295,5,Ordinary Kriging,65.264,69.63921686869445,5.706173743596558,806.719,271.771,69.69,7
296,5,Ordinary Kriging,64.298,66.17124778608796,5.708175535507695,806.719,271.771,89.714,7
297,5,Ordinary Kriging,65.062,63.45590337328949,5.705714585655678,806.719,271.771,109.81,7
298,5,Ordinary Kriging,56.791,62.61226125256895,5.702646240960783,806.719,271.771,128.887,7
299,5,Ordinary Kriging,61.323,61.280105026329274,5.707892982744473,806.719,271.771,150.58,7
300,5,Ordinary Kriging,58.691,59.861291234735035,5.739179028643343,806.719,271.771,170.525,7
301,5,Ordinary Kriging,64.428,57.64710491253506,5.9053165330574755,806.719,271.771,188.506,7
19,5,Gaussian Process,69.732,57.97554157056237,9.265894574688483,883.142,752.134,10.232,15
20,5,Gaussian Process,67.94,57.48490551908983,9.236533680358376,883.142,752.134,30.117,15
21,5,Gaussian Process,65.665,57.021160863264036,9.214914297433891,883.142,752.134,50.219,15
22,5,Gaussian Process,64.858,56.60101779655528,9.200765154457306,883.142,752.134,70.871,15
23,5,Gaussian Process,68.666,56.27701796467591,9.194524596298665,883.142,752.134,90.224,15
24,5,Gaussian Process,60.563,56.02197287781932,9.1950392673543,883.142,752.134,110.679,15
25,5,Gaussian Process,65.727,55.870355986516024,9.202264763785513,883.142,752.134,130.068,15
26,5,Gaussian Process,57.962,55.80660398088815,9.21702949381104,883.142,752.134,150.289,15
27,5,Gaussian Process,62.465,55.83415236675473,9.239724792087248,883.142,752.134,170.631,15
28,5,Gaussian Process,64.284,55.9259793527405,9.266498117675571,883.142,752.134,188.543,15
68,5,Gaussian Process,60.518,70.08514252523644,7.011517001320827,160.274,160.299,11.066,0
69,5,Gaussian Process,56.341,69.51829060407485,6.917435792362799,160.274,160.299,30.157,0
70,5,Gaussian Process,54.427,68.83524567085719,6.8604837489179795,160.274,160.299,49.841,0
71,5,Gaussian Process,52.729,68.15320140019357,6.832468978512668,160.274,160.299,68.964,0
72,5,Gaussian Process,59.405,67.52722290175446,6.821927550038001,160.274,160.299,88.325,0
73,5,Gaussian Process,49.538,66.98691797265467,6.825199947306759,160.274,160.299,109.514,0
74,5,Gaussian Process,54.66,66.62627318724567,6.843332133861261,160.274,160.299,129.946,0
75,5,Gaussian Process,50.516,66.37299033893743,6.885568243539948,160.274,160.299,151.768,0
76,5,Gaussian Process,57.244,66.20939982650563,6.948232055597378,160.274,160.299,170.13,0
77,5,Gaussian Process,56.756,66.0291687092404,7.054579002345409,160.274,160.299,190.0,0
136,5,Gaussian Process,54.035,66.94787884134767,9.11793575932977,50.107,126.179,10.177,0
137,5,Gaussian Process,53.846,66.76288492477958,9.086353855848252,50.107,126.179,30.296,0
138,5,Gaussian Process,56.105,66.5457485268187,9.06491932750998,50.107,126.179,49.628,0
139,5,Gaussian Process,52.783,66.0214638409653,9.044663958991082,50.107,126.179,90.328,0
140,5,Gaussian Process,50.234,65.73790699774095,9.045994779613045,50.107,126.179,111.727,0
141,5,Gaussian Process,48.216,65.52091240600922,9.052638829032555,50.107,126.179,128.466,0
142,5,Gaussian Process,53.323,65.23989869618086,9.069751833636827,50.107,126.179,150.864,0
143,5,Gaussian Process,50.777,65.01102764640696,9.092134065328612,50.107,126.179,169.671,0
144,5,Gaussian Process,53.242,64.76823109713978,9.125275559932305,50.107,126.179,189.939,0
262,5,Gaussian Process,57.003,54.42484369343107,6.848956882556799,835.315,639.514,10.548,15
263,5,Gaussian Process,57.014,52.98264363121933,6.741785867900088,835.315,639.514,30.188,15
264,5,Gaussian Process,46.607,51.67385295253906,6.680833023549925,835.315,639.514,48.552,15
265,5,Gaussian Process,47.953,50.31997464259557,6.6437529348623965,835.315,639.514,69.932,15
266,5,Gaussian Process,48.751,49.316566692578164,6.630234717315819,835.315,639.514,90.262,15
267,5,Gaussian Process,45.507,48.70921579356782,6.6307934492112945,835.315,639.514,109.1,15
268,5,Gaussian Process,50.793,48.43509938266785,6.6463935092984325,835.315,639.514,130.19,15
269,5,Gaussian Process,55.23,48.530801705843636,6.678162581898918,835.315,639.514,148.545,15
270,5,Gaussian Process,46.813,49.004187831316145,6.754745437743069,835.315,639.514,171.336,15
271,5,Gaussian Process,48.603,49.597231391073194,6.860638766524598,835.315,639.514,190.0,15
282,5,Gaussian Process,67.325,66.58661830794607,8.761660070756426,970.85,256.691,10.0,7
283,5,Gaussian Process,67.893,66.20181343904616,8.72131766604259,970.85,256.691,30.235,7
284,5,Gaussian Process,67.353,65.74507274910856,8.695506814921568,970.85,256.691,48.576,7
285,5,Gaussian Process,62.913,65.08691934832486,8.676555544789613,970.85,256.691,70.446,7
286,5,Gaussian Process,64.728,64.44948311794816,8.669382701312843,970.85,256.691,89.193,7
287,5,Gaussian Process,60.516,63.74327828590317,8.670142955605971,970.85,256.691,108.717,7
288,5,Gaussian Process,60.068,62.93310009038308,8.681112463385213,970.85,256.691,130.714,7
289,5,Gaussian Process,65.087,62.23169479676259,8.700620163877684,970.85,256.691,150.242,7
290,5,Gaussian Process,57.759,61.58354278005615,8.729837696118015,970.85,256.691,169.386,7
291,5,Gaussian Process,53.41,60.94812897485216,8.773815281493105,970.85,256.691,190.0,7
292,5,Gaussian Process,70.635,72.04657193719821,5.4146026967377905,806.719,271.771,12.549,7
293,5,Gaussian Process,74.576,71.08497912782515,5.313999391535812,806.719,271.771,29.595,7
294,5,Gaussian Process,68.208,69.63895512580143,5.259532926771474,806.719,271.771,48.063,7
295,5,Gaussian Process,65.264,67.5466215769754,5.235072116650718,806.719,271.771,69.69,7
296,5,Gaussian Process,64.298,65.45196201753117,5.228304504364023,806.719,271.771,89.714,7
297,5,Gaussian Process,65.062,63.43023969519214,5.227762156348611,806.719,271.771,109.81,7
298,5,Gaussian Process,56.791,61.72249156540289,5.233191948546186,806.719,271.771,128.887,7
299,5,Gaussian Process,61.323,60.08423473328094,5.256251769211724,806.719,271.771,150.58,7
300,5,Gaussian Process,58.691,58.84974294052165,5.314922090896297,806.719,271.771,170.525,7
301,5,Gaussian Process,64.428,57.9412451352861,5.425041565542175,806.719,271.771,188.506,7
19,5,Random Forest,69.732,54.926447093254026,3.629676765212593,883.142,752.134,10.232,15
20,5,Random Forest,67.94,53.498280727182554,4.23897973851326,883.142,752.134,30.117,15
21,5,Random Forest,65.665,51.32961740773815,4.04130245473914,883.142,752.134,50.219,15
22,5,Random Forest,64.858,50.80095371726196,3.883245927660422,883.142,752.134,70.871,15
23,5,Random Forest,68.666,48.7312603710318,3.2493685797422174,883.142,752.134,90.224,15
24,5,Random Forest,60.563,47.16609999603182,2.9275604210838706,883.142,752.134,110.679,15
25,5,Random Forest,65.727,46.8342526775794,2.8866106631279553,883.142,752.134,130.068,15
26,5,Random Forest,57.962,48.671339140873116,3.24322014548991,883.142,752.134,150.289,15
27,5,Random Forest,62.465,50.08015710317465,2.891902651058506,883.142,752.134,170.631,15
28,5,Random Forest,64.284,49.831309043650805,2.771370735193957,883.142,752.134,188.543,15
68,5,Random Forest,60.518,72.66439257142856,2.632353841072018,160.274,160.299,11.066,0
69,5,Random Forest,56.341,71.90216222023814,2.617632886261659,160.274,160.299,30.157,0
70,5,Random Forest,54.427,71.155072343254,3.188846673560684,160.274,160.299,49.841,0
71,5,Random Forest,52.729,70.50175604265873,3.041493920824542,160.274,160.299,68.964,0
72,5,Random Forest,59.405,68.69225960515874,3.440758362119408,160.274,160.299,88.325,0
73,5,Random Forest,49.538,66.16138400694449,2.508113129089595,160.274,160.299,109.514,0
74,5,Random Forest,54.66,66.53620379861113,2.786050064926121,160.274,160.299,129.946,0
75,5,Random Forest,50.516,65.64177218849206,3.221422228492363,160.274,160.299,151.768,0
76,5,Random Forest,57.244,65.89995443253967,2.794353769616153,160.274,160.299,170.13,0
77,5,Random Forest,56.756,65.67410847123016,2.7079429590630637,160.274,160.299,190.0,0
136,5,Random Forest,54.035,72.44821421825398,2.8008398981862936,50.107,126.179,10.177,0
137,5,Random Forest,53.846,71.47432070634923,2.9048879206832847,50.107,126.179,30.296,0
138,5,Random Forest,56.105,70.86834762103183,3.2765430934224797,50.107,126.179,49.628,0
139,5,Random Forest,52.783,68.50352104265876,3.770724998727037,50.107,126.179,90.328,0
140,5,Random Forest,50.234,68.52531946130954,3.7156824286795636,50.107,126.179,111.727,0
141,5,Random Forest,48.216,68.51616066369046,3.4968347536859627,50.107,126.179,128.466,0
142,5,Random Forest,53.323,68.62633398809523,3.879821795196778,50.107,126.179,150.864,0
143,5,Random Forest,50.777,68.68603731547623,3.7887890780873286,50.107,126.179,169.671,0
144,5,Random Forest,53.242,68.52410405952384,3.897631095375983,50.107,126.179,189.939,0
262,5,Random Forest,57.003,54.84383667658735,3.680426045519118,835.315,639.514,10.548,15
263,5,Random Forest,57.014,53.376711762896846,4.205594221637362,835.315,639.514,30.188,15
264,5,Random Forest,46.607,51.2943549136905,4.114660548795475,835.315,639.514,48.552,15
265,5,Random Forest,47.953,50.6991366130953,3.754689434754167,835.315,639.514,69.932,15
266,5,Random Forest,48.751,48.51341282936514,2.841747802535542,835.315,639.514,90.262,15
267,5,Random Forest,45.507,47.38835491567468,2.5637389344680135,835.315,639.514,109.1,15
268,5,Random Forest,50.793,46.57864992757939,2.1686909662047924,835.315,639.514,130.19,15
269,5,Random Forest,55.23,47.354013893849284,2.4939476845023396,835.315,639.514,148.545,15
270,5,Random Forest,46.813,49.8697011805556,2.418257932868589,835.315,639.514,171.336,15
271,5,Random Forest,48.603,49.587380591269856,2.340020546029508,835.315,639.514,190.0,15
282,5,Random Forest,67.325,73.35809725297625,3.2288794650965555,970.85,256.691,10.0,7
283,5,Random Forest,67.893,74.74847532440482,3.458262158288102,970.85,256.691,30.235,7
284,5,Random Forest,67.353,73.53666241666674,4.236923605771188,970.85,256.691,48.576,7
285,5,Random Forest,62.913,68.07206888293653,2.670020887755323,970.85,256.691,70.446,7
286,5,Random Forest,64.728,64.55935425892856,2.0926764741064443,970.85,256.691,89.193,7
287,5,Random Forest,60.516,64.13303599107147,2.6656904494187357,970.85,256.691,108.717,7
288,5,Random Forest,60.068,61.046994781746015,1.9748421467221955,970.85,256.691,130.714,7
289,5,Random Forest,65.087,59.29053321230157,1.053649007999886,970.85,256.691,150.242,7
290,5,Random Forest,57.759,59.701271135912656,1.0877614974932766,970.85,256.691,169.386,7
291,5,Random Forest,53.41,57.90198691170638,1.8263256546824471,970.85,256.691,190.0,7
292,5,Random Forest,70.635,73.38465261805558,3.3856368913490265,806.719,271.771,12.549,7
293,5,Random Forest,74.576,74.44971427281746,3.5140686438685567,806.719,271.771,29.595,7
294,5,Random Forest,68.208,72.97733657738098,4.442620635134473,806.719,271.771,48.063,7
295,5,Random Forest,65.264,67.32682881547618,2.8903830975160987,806.719,271.771,69.69,7
296,5,Random Forest,64.298,63.916091003968184,2.4810368037696033,806.719,271.771,89.714,7
297,5,Random Forest,65.062,61.378814207341236,2.613355111808199,806.719,271.771,109.81,7
298,5,Random Forest,56.791,61.2471957073412,2.4822451060382056,806.719,271.771,128.887,7
299,5,Random Forest,61.323,58.65527573710307,1.279836753213424,806.719,271.771,150.58,7
300,5,Random Forest,58.691,58.7268279672618,1.5602098767898538,806.719,271.771,170.525,7
301,5,Random Forest,64.428,57.5221329930555,1.6833858397774648,806.719,271.771,188.506,7
